;;;Table 17: Input-output table at basic prices;;;;;;;;;;8;;;;;;;;;;Table 17: Input-output table at basic prices;;;;;;;;;;Table 17: Input-output table at basic prices;;;;;;;;;; ;;;;;;;;;;Table 17: Input-output table at basic prices;;;;;;;;;;Table 17: Input-output table at basic prices;;;;;;;;;;Table 17: Input-output table at basic prices;;;;;;;;;;;;;;;;;;;;;;;;;;;;;;;;;;;;;;;;;;;;;;;;;;;;;;;;;;;;;;;;;;;;;;;;;;;;;;;;;;;;;;;;;;;;;;;;;;;;;;;;;;;;;;;;;;;;;;;;;;;;;;;;;;;;;;;;;;;;;;;;;;;;;;;;;;;;;;;;;;;;;;;;;;;;;;;;;;;;;;
;;Year;Poland;;;Mio. NAC;;Current prices;;;;;Poland;;;Mio. NAC;;Current prices;;;;;Poland;;;Mio. NAC;;Current prices;;;;;Poland;;;Mio. NAC;;Current prices;;;;;Poland;;;Mio. NAC;;Current prices;;;;;Poland;;;Mio. NAC;;Current prices;;;;Poland;;;Mio. NAC;;Current prices;;;;;Poland;;;Mio. NAC;;Current prices;;;;;;;;;;;;;;;;;;;;;;;;;;;;;;;;;;;;;;;;;;;;;;;;;;;;;;;;;;;;;;;;;;;;;;;;;;;;;;;;;;;;;;;;;;;;;;;;;;;;;;;;;;;;;;;;;;;;;;;;;;;;;;;;;;;;;;;;;;;;;;;;;;;;;;;;;;;;;;;;;;;;;;;;;;;;;;;;;;
;;2005;;;;;;;;;;;;;;;;;;;;;;;;;;;;;;;;;;;;;;;;;;;;;;;;;;;;;;;;;;;;;;;;;;;;;;;;;;;;;;;;;;;;;;;;;;;;;;;;;;;;;;;;;;;;;;;;;;;;;;;;;;;;;;;;;;;;;;;;;;;;;;;;;;;;;;;;;;;;;;;;;;;;;;;;;;;;;;;;;;;;;;;;;;;;;;;;;;;;;;;;;;;;;;;;;;;;;;;;;;;;;;;;;;;;;;;;;;;;;;;;;;;;;;;;;;;;;
;;;;;;;;;;;;;;;;;;;;;;;;;;;;;;;;;;;;;;;;;;;;;;;;;;;;;;;;;;;;;;;;;;;;;;;;;;;;;;;;;;;;;;;;;;;;;;;;;;;;;;;;;;;;;;;;;;;;;;;;;;;;;;;;;;;;;;;;;;;;;;;;;;;;;;;;;;;;;;;;;;;;;;;;;;;;;;;;;;;;;;;;;;;;;;;;;;;;;;;;;;;;;;;;;;;;;;;;;;;;;;;;;;;;;;;;;;;;;;;;;;;;;;;;;;;;;;;
;;             PRODUCTS (CPA)      ;Products of agriculture, hunting and related services;Products of forestry, logging and related services;"Fish and other fishing products; services incidental of fishing";"Coal and lignite; peat";"Crude petroleum and natural gas; services incidental to oil and gas extraction excluding surveying";Uranium and thorium ores;Metal ores;Other mining and quarrying products;Food products and beverages;Tobacco products;Textiles;"Wearing apparel; furs";Leather and leather products;"Wood and products of wood and cork (except furniture); articles of straw and plaiting materials";Pulp, paper and paper products;Printed matter and recorded media;Coke, refined petroleum products and nuclear fuels;Chemicals, chemical products and man-made fibres;Rubber and plastic products;Other non-metallic mineral products;Basic metals;Fabricated metal products, except machinery and equipment;Machinery and equipment n.e.c.;Office machinery and computers;Electrical machinery and apparatus n.e.c.;Radio, television and communication equipment and apparatus;Medical, precision and optical instruments, watches and clocks;Motor vehicles, trailers and semi-trailers;Other transport equipment;"Furniture; other manufact. goods n.e.c.";Secondary raw materials;Electrical energy, gas, steam and hot water;Collected and purified water, distribution services of water;Construction work;"Trade, maintenance and repair services of motor vehicles and motorcycles; retail sale of automotive fuel";Wholesale trade and commission trade services, except of motor vehicles and motorcycles;"Retail  trade services, except of motor vehicles and motorcycles; repair services of personal and household goods";Hotel and restaurant services;"Land transport; transport via pipeline services";Water transport services;Air transport services;"Supporting and auxiliary transport services; travel agency services";Post and telecommunication services;Financial intermediat. services, except insurance and pension funding services;Insurance and pension funding services, except compulsory social security services;Activities auxiliary to financial intermediat.;Real estate services;Renting services of machinery and equipment without operator and of personal and household goods;Computer and related services;Research and development services;Other business services;"Public administrat. and defence services; compulsory social security services";Education services;Health and social work services;Sewage and refuse disposal services, sanitation and similar services;Membership organisation services n.e.c.;Recreational, cultural and sporting services;Other services;Private households with employed persons;Total;Final consumption expenditure by households;Final consumption expenditure by non-profit organisations serving households (NPISH);Final consumption expenditure by government;Final consumption expenditure;Gross fixed capital formation;Changes in valuables 1);Changes in inventories;Changes in inventories and valuables;Gross capital formation;Exports intra EU 2) 3) FOB;"
Exports FOB to members of the euro area 2) 3)";"
Exports FOB to non-members of the euro area 2) 3)";Exports extra EU 2) 3) FOB;Exports FOB;Final uses ;Total use ;;;;;;;;;;;;;;;;;;;;;;;;;;;;;;;;;;;;;;;;;;;;;;;;;;;;;;;;;;;;;;;;;;;;;;;;;;;;;;;;;;;;;;;;;;;;;;;;;;;;;;;;;;;;;;;;;;;;;;;;;;;;;;;;;;;;;;;;;;;;;;;;;;;;;;;;;;;;;;;;;;;;;;;;;;;;;;;;;
;Code;    PRODUCTS (CPA);01;02;05;10;11;12;13;14;15;16;17;18;19;20;21;22;23;24;25;26;27;28;29;30;31;32;33;34;35;36;37;40;41;45;50;51;52;55;60;61;62;63;64;65;66;67;70;71;72;73;74;75;80;85;90;91;92;93;95;;;;;;;;;;;;;;;;;;;;;;;;;;;;;;;;;;;;;;;;;;;;;;;;;;;;;;;;;;;;;;;;;;;;;;;;;;;;;;;;;;;;;;;;;;;;;;;;;;;;;;;;;;;;;;;;;;;;;;;;;;;;;;;;;;;;;;;;;;;;;;;;;;;;;;;;;;;;;;;;;;;;;;;;;;;;;;;;;;;;;;;;;;;;;;;;;;
No; ; ;1;2;3;4;5;6;7;8;9;10;11;12;13;14;15;16;17;18;19;20;21;22;23;24;25;26;27;28;29;30;31;32;33;34;35;36;37;38;39;40;41;42;43;44;45;46;47;48;49;50;51;52;53;54;55;56;57;58;59;60;61;62;63;64;65;66;67;68;69;70;71;72;73;  74  ;75;76;;;;;;;;;;;;;;;;;;;;;;;;;;;;;;;;;;;;;;;;;;;;;;;;;;;;;;;;;;;;;;;;;;;;;;;;;;;;;;;;;;;;;;;;;;;;;;;;;;;;;;;;;;;;;;;;;;;;;;;;;;;;;;;;;;;;;;;;;;;;;;;;;;;;;;;;;;;;;;;;;;;;;;;;;;;;;;;;;
1;01;Products of agriculture, hunting and related services;16257,186   ;24,899   ;13,619   ;,518   ;;;3,265   ;;31614,825   ;810,472   ;179,757   ;3,838   ;51,516   ;108,319   ;1,987   ;,258   ;,084   ;158,502   ;330,551   ;32,276   ;,675   ;1,022   ;1,833   ;,039   ;,019   ;,003   ;,043   ;4,222   ;,000   ;4,682   ;,247   ;5,032   ;1,019   ;27,747   ;8,034   ;158,675   ;861,032   ;138,813   ;43,834   ;;,001   ;44,909   ;,001   ;,235   ;,000   ;,407   ;44,121   ;,347   ;,310   ;15,231   ;53,030   ;78,597   ;9,694   ;26,414   ;8,547   ;30,169   ;3,893   ;4,621   ;,000   ;51169,370   ;32141,121   ;7,692   ;1311,787   ;33460,600   ;218,393   ;,000   ;-1453,771   ;-1453,771   ;-1235,378   ;3304,624   ;;;1163,411   ;4468,035   ;36693,257   ;87862,627   ;;;;;;;;;;;;;;;;;;;;;;;;;;;;;;;;;;;;;;;;;;;;;;;;;;;;;;;;;;;;;;;;;;;;;;;;;;;;;;;;;;;;;;;;;;;;;;;;;;;;;;;;;;;;;;;;;;;;;;;;;;;;;;;;;;;;;;;;;;;;;;;;;;;;;;;;;;;;;;;;;;;;;;;;;;;;;;;;;
2;02;Products of forestry, logging and related services;2,805   ;1523,663   ;,017   ;22,755   ;;;,057   ;;83,230   ;,000   ;2,467   ;4,290   ;1,200   ;1510,344   ;615,582   ;,826   ;,026   ;28,520   ;7,873   ;7,826   ;12,299   ;2,934   ;6,372   ;,000   ;,968   ;,001   ;,000   ;,047   ;1,761   ;167,462   ;,000   ;3,543   ;,315   ;83,737   ;1,322   ;108,480   ;42,037   ;9,136   ;13,234   ;;,038   ;1,982   ;,027   ;,000   ;,000   ;7,362   ;3,899   ;,000   ;1,006   ;,816   ;2,790   ;,817   ;,168   ;,024   ;15,376   ;,769   ;,745   ;1,427   ;,000   ;4302,375   ;927,933   ;,000   ;47,864   ;975,797   ;33,041   ;,000   ;631,602   ;631,602   ;664,643   ;289,845   ;;;13,563   ;303,408   ;1943,848   ;6246,223   ;;;;;;;;;;;;;;;;;;;;;;;;;;;;;;;;;;;;;;;;;;;;;;;;;;;;;;;;;;;;;;;;;;;;;;;;;;;;;;;;;;;;;;;;;;;;;;;;;;;;;;;;;;;;;;;;;;;;;;;;;;;;;;;;;;;;;;;;;;;;;;;;;;;;;;;;;;;;;;;;;;;;;;;;;;;;;;;;;
3;05;"Fish and other fishing products; services incidental of fishing";1,755   ;2,871   ;26,919   ;,000   ;;;,028   ;;411,483   ;,000   ;,000   ;,000   ;,000   ;,558   ;,000   ;,000   ;,000   ;,176   ;,000   ;,049   ;,000   ;,000   ;,101   ;,000   ;,000   ;,000   ;,000   ;,000   ;,002   ;,494   ;,000   ;,199   ;,091   ;,006   ;,063   ;89,650   ;2,390   ;67,997   ;,088   ;;,000   ;2,030   ;,000   ;,000   ;,000   ;,000   ;,187   ;,000   ;,000   ;2,065   ;,155   ;,281   ;1,503   ;,197   ;,046   ;,298   ;,184   ;,004   ;,000   ;611,870   ;148,811   ;,000   ;12,843   ;161,654   ;,000   ;,000   ;25,683   ;25,683   ;25,683   ;101,752   ;;;9,833   ;111,585   ;298,922   ;910,792   ;;;;;;;;;;;;;;;;;;;;;;;;;;;;;;;;;;;;;;;;;;;;;;;;;;;;;;;;;;;;;;;;;;;;;;;;;;;;;;;;;;;;;;;;;;;;;;;;;;;;;;;;;;;;;;;;;;;;;;;;;;;;;;;;;;;;;;;;;;;;;;;;;;;;;;;;;;;;;;;;;;;;;;;;;;;;;;;;;
4;10;"Coal and lignite; peat";257,380   ;19,900   ;,164   ;53,752   ;;;8,908   ;;193,707   ;,313   ;11,915   ;4,621   ;5,916   ;39,056   ;109,619   ;,209   ;3132,188   ;193,358   ;12,091   ;225,150   ;973,071   ;8,399   ;16,889   ;,000   ;17,220   ;1,117   ;1,069   ;,799   ;8,092   ;17,534   ;3,942   ;9487,258   ;5,427   ;5,911   ;3,744   ;,375   ;4,728   ;4,010   ;8,255   ;;,000   ;3,360   ;2,484   ;1,612   ;3,358   ;6,689   ;3,740   ;,477   ;1,297   ;,737   ;5,879   ;3,352   ;,026   ;3,101   ;2,621   ;1,577   ;,526   ;2,161   ;,000   ;14879,084   ;2734,715   ;10,952   ;8,113   ;2753,780   ;,000   ;,000   ;298,704   ;298,704   ;298,704   ;4131,940   ;;;349,936   ;4481,876   ;7534,360   ;22413,444   ;;;;;;;;;;;;;;;;;;;;;;;;;;;;;;;;;;;;;;;;;;;;;;;;;;;;;;;;;;;;;;;;;;;;;;;;;;;;;;;;;;;;;;;;;;;;;;;;;;;;;;;;;;;;;;;;;;;;;;;;;;;;;;;;;;;;;;;;;;;;;;;;;;;;;;;;;;;;;;;;;;;;;;;;;;;;;;;;;
5;11;"Crude petroleum and natural gas; services incidental to oil and gas extraction excluding surveying";;;;;;;;;;;;;;;;;;;;;;;;;;;;;;;;;;;;;;;;;;;;;;;;;;;;;;;;;;;;;;;;;;;;;;;;;;;;;;;;;;;;;;;;;;;;;;;;;;;;;;;;;;;;;;;;;;;;;;;;;;;;;;;;;;;;;;;;;;;;;;;;;;;;;;;;;;;;;;;;;;;;;;;;;;;;;;;;;;;;;;;;;;;;;;;;;;;;;;;;;;;;;;;;;;;;;;;;;;;;;;;;;;;;;;;;;;;;;;;;;;;;;;;;;;;;;
6;12;Uranium and thorium ores;;;;;;;;;;;;;;;;;;;;;;;;;;;;;;;;;;;;;;;;;;;;;;;;;;;;;;;;;;;;;;;;;;;;;;;;;;;;;;;;;;;;;;;;;;;;;;;;;;;;;;;;;;;;;;;;;;;;;;;;;;;;;;;;;;;;;;;;;;;;;;;;;;;;;;;;;;;;;;;;;;;;;;;;;;;;;;;;;;;;;;;;;;;;;;;;;;;;;;;;;;;;;;;;;;;;;;;;;;;;;;;;;;;;;;;;;;;;;;;;;;;;;;;;;;;;;
7;13;Metal ores;4,000   ;6,950   ;,017   ;18,787   ;;;201,911   ;;119,178   ;,003   ;1,616   ;,480   ;,207   ;,719   ;2,948   ;1,864   ;20271,067   ;2169,148   ;50,718   ;1827,241   ;1751,143   ;26,570   ;27,366   ;,000   ;24,488   ;,085   ;,609   ;1,351   ;6,033   ;9,676   ;4,949   ;6664,383   ;4,759   ;1138,185   ;,918   ;18,849   ;26,601   ;5,368   ;79,109   ;;,000   ;14,270   ;,926   ;13,251   ;,000   ;,015   ;14,358   ;3,848   ;,088   ;2,225   ;164,934   ;40,156   ;1,005   ;,569   ;53,763   ;5,433   ;4,855   ;23,630   ;,000   ;34810,622   ;75,196   ;,000   ;,000   ;75,196   ;,000   ;,000   ;573,563   ;573,563   ;573,563   ;651,637   ;;;321,899   ;973,536   ;1622,295   ;36432,917   ;;;;;;;;;;;;;;;;;;;;;;;;;;;;;;;;;;;;;;;;;;;;;;;;;;;;;;;;;;;;;;;;;;;;;;;;;;;;;;;;;;;;;;;;;;;;;;;;;;;;;;;;;;;;;;;;;;;;;;;;;;;;;;;;;;;;;;;;;;;;;;;;;;;;;;;;;;;;;;;;;;;;;;;;;;;;;;;;;
8;14;Other mining and quarrying products;;;;;;;;;;;;;;;;;;;;;;;;;;;;;;;;;;;;;;;;;;;;;;;;;;;;;;;;;;;;;;;;;;;;;;;;;;;;;;;;;;;;;;;;;;;;;;;;;;;;;;;;;;;;;;;;;;;;;;;;;;;;;;;;;;;;;;;;;;;;;;;;;;;;;;;;;;;;;;;;;;;;;;;;;;;;;;;;;;;;;;;;;;;;;;;;;;;;;;;;;;;;;;;;;;;;;;;;;;;;;;;;;;;;;;;;;;;;;;;;;;;;;;;;;;;;;
9;15;Food products and beverages;7044,933   ;46,651   ;20,579   ;6,053   ;;;6,040   ;;28486,435   ;,043   ;148,328   ;20,049   ;148,458   ;6,173   ;29,564   ;6,154   ;15,936   ;327,856   ;19,436   ;6,703   ;10,434   ;16,649   ;17,670   ;3,460   ;4,768   ;,527   ;1,824   ;3,062   ;1,630   ;257,468   ;,917   ;18,295   ;1,735   ;107,451   ;42,520   ;3152,771   ;3240,832   ;4213,850   ;29,912   ;;17,509   ;223,319   ;19,709   ;116,744   ;55,657   ;10,873   ;36,447   ;4,747   ;16,992   ;8,776   ;415,812   ;206,061   ;381,049   ;398,877   ;8,753   ;109,931   ;66,779   ;5,412   ;,000   ;49568,613   ;72433,845   ;39,478   ;27,391   ;72500,714   ;,000   ;,000   ;3473,797   ;3473,797   ;3473,797   ;14856,853   ;;;4879,448   ;19736,301   ;95710,812   ;145279,425   ;;;;;;;;;;;;;;;;;;;;;;;;;;;;;;;;;;;;;;;;;;;;;;;;;;;;;;;;;;;;;;;;;;;;;;;;;;;;;;;;;;;;;;;;;;;;;;;;;;;;;;;;;;;;;;;;;;;;;;;;;;;;;;;;;;;;;;;;;;;;;;;;;;;;;;;;;;;;;;;;;;;;;;;;;;;;;;;;;
10;16;Tobacco products;,074   ;,015   ;,000   ;,083   ;;;,005   ;;,436   ;170,160   ;1,508   ;1,788   ;,000   ;,000   ;,000   ;,000   ;,000   ;,000   ;,000   ;,008   ;,000   ;,009   ;,017   ;,000   ;,005   ;,000   ;,003   ;,011   ;,003   ;3,162   ;,000   ;,014   ;,000   ;,111   ;,085   ;2,334   ;2,405   ;125,868   ;,045   ;;,393   ;1,839   ;,000   ;,000   ;,000   ;,046   ;,039   ;,000   ;,000   ;,020   ;,118   ;,051   ;,009   ;,000   ;,021   ;,025   ;,294   ;,000   ;,000   ;311,004   ;3175,951   ;,000   ;,000   ;3175,951   ;,000   ;,000   ;-3,977   ;-3,977   ;-3,977   ;134,101   ;;;128,761   ;262,862   ;3434,836   ;3745,840   ;;;;;;;;;;;;;;;;;;;;;;;;;;;;;;;;;;;;;;;;;;;;;;;;;;;;;;;;;;;;;;;;;;;;;;;;;;;;;;;;;;;;;;;;;;;;;;;;;;;;;;;;;;;;;;;;;;;;;;;;;;;;;;;;;;;;;;;;;;;;;;;;;;;;;;;;;;;;;;;;;;;;;;;;;;;;;;;;;
11;17;Textiles;,041   ;4,398   ;5,085   ;13,935   ;;;1,208   ;;51,221   ;,414   ;2439,161   ;3118,432   ;112,436   ;11,636   ;17,696   ;11,051   ;,803   ;14,783   ;524,648   ;46,262   ;5,205   ;14,836   ;23,671   ;,007   ;9,497   ;2,169   ;7,339   ;733,975   ;11,959   ;1434,722   ;4,544   ;2,059   ;,497   ;33,755   ;7,266   ;351,161   ;109,072   ;48,380   ;12,601   ;;,869   ;2,654   ;2,302   ;,071   ;,077   ;,053   ;3,162   ;20,677   ;1,130   ;7,141   ;98,654   ;59,143   ;3,433   ;15,541   ;1,162   ;23,197   ;22,910   ;8,806   ;4,914   ;9461,821   ;2394,503   ;8,572   ;17,144   ;2420,219   ;113,806   ;,000   ;701,399   ;701,399   ;815,205   ;7464,887   ;;;2013,428   ;9478,315   ;12713,739   ;22175,560   ;;;;;;;;;;;;;;;;;;;;;;;;;;;;;;;;;;;;;;;;;;;;;;;;;;;;;;;;;;;;;;;;;;;;;;;;;;;;;;;;;;;;;;;;;;;;;;;;;;;;;;;;;;;;;;;;;;;;;;;;;;;;;;;;;;;;;;;;;;;;;;;;;;;;;;;;;;;;;;;;;;;;;;;;;;;;;;;;;
12;18;"Wearing apparel; furs";2,095   ;18,244   ;,731   ;21,263   ;;;4,436   ;;71,410   ;4,244   ;9,285   ;130,365   ;4,514   ;7,819   ;4,154   ;1,628   ;2,587   ;7,871   ;6,699   ;22,156   ;52,444   ;24,435   ;18,450   ;,002   ;5,005   ;2,556   ;1,889   ;13,699   ;13,790   ;15,372   ;,524   ;25,908   ;3,120   ;59,223   ;16,074   ;53,560   ;42,970   ;15,401   ;13,878   ;;,890   ;13,251   ;10,613   ;25,143   ;,000   ;,013   ;8,646   ;1,629   ;,313   ;2,188   ;67,936   ;290,595   ;4,520   ;3,402   ;5,767   ;11,710   ;31,608   ;3,875   ;267,675   ;1447,575   ;6590,766   ;9,029   ;28,380   ;6628,175   ;,000   ;,000   ;-7,986   ;-7,986   ;-7,986   ;5719,127   ;;;659,342   ;6378,469   ;12998,658   ;14446,233   ;;;;;;;;;;;;;;;;;;;;;;;;;;;;;;;;;;;;;;;;;;;;;;;;;;;;;;;;;;;;;;;;;;;;;;;;;;;;;;;;;;;;;;;;;;;;;;;;;;;;;;;;;;;;;;;;;;;;;;;;;;;;;;;;;;;;;;;;;;;;;;;;;;;;;;;;;;;;;;;;;;;;;;;;;;;;;;;;;
13;19;Leather and leather products;1,300   ;4,809   ;,076   ;11,467   ;;;1,970   ;;29,813   ;,021   ;9,659   ;59,203   ;683,962   ;4,372   ;6,504   ;4,090   ;1,153   ;,518   ;2,727   ;2,778   ;1,630   ;2,351   ;4,165   ;,008   ;3,478   ;,175   ;2,245   ;170,295   ;3,194   ;449,050   ;,029   ;5,455   ;,815   ;15,427   ;4,024   ;32,465   ;23,920   ;2,707   ;4,997   ;;,026   ;7,648   ;5,787   ;1,117   ;,000   ;,000   ;1,355   ;,026   ;,052   ;,290   ;5,683   ;1,939   ;,165   ;1,130   ;,950   ;,788   ;7,367   ;,127   ;33,163   ;1618,465   ;3635,646   ;7,119   ;18,185   ;3660,950   ;,000   ;,000   ;-12,503   ;-12,503   ;-12,503   ;1360,323   ;;;340,763   ;1701,086   ;5349,533   ;6967,998   ;;;;;;;;;;;;;;;;;;;;;;;;;;;;;;;;;;;;;;;;;;;;;;;;;;;;;;;;;;;;;;;;;;;;;;;;;;;;;;;;;;;;;;;;;;;;;;;;;;;;;;;;;;;;;;;;;;;;;;;;;;;;;;;;;;;;;;;;;;;;;;;;;;;;;;;;;;;;;;;;;;;;;;;;;;;;;;;;;
14;20;"Wood and products of wood and cork (except furniture); articles of straw and plaiting materials";107,339   ;64,974   ;,193   ;72,595   ;;;5,799   ;;83,269   ;,475   ;10,202   ;7,759   ;9,091   ;3953,190   ;74,193   ;6,875   ;2,258   ;48,934   ;59,888   ;192,710   ;23,926   ;145,341   ;85,882   ;,523   ;130,561   ;27,897   ;29,844   ;113,814   ;37,628   ;3535,818   ;1,509   ;5,742   ;1,499   ;3040,455   ;14,483   ;203,934   ;365,593   ;25,826   ;130,440   ;;,225   ;34,660   ;7,238   ;9,160   ;,000   ;,014   ;291,301   ;4,862   ;6,604   ;3,599   ;84,158   ;36,032   ;17,084   ;3,134   ;14,466   ;18,896   ;40,738   ;64,198   ;,000   ;13256,828   ;1278,860   ;,000   ;,000   ;1278,860   ;89,592   ;,000   ;217,560   ;217,560   ;307,152   ;7174,133   ;;;1573,899   ;8748,032   ;10334,044   ;23590,872   ;;;;;;;;;;;;;;;;;;;;;;;;;;;;;;;;;;;;;;;;;;;;;;;;;;;;;;;;;;;;;;;;;;;;;;;;;;;;;;;;;;;;;;;;;;;;;;;;;;;;;;;;;;;;;;;;;;;;;;;;;;;;;;;;;;;;;;;;;;;;;;;;;;;;;;;;;;;;;;;;;;;;;;;;;;;;;;;;;
15;21;Pulp, paper and paper products;27,873   ;22,577   ;,162   ;10,900   ;;;13,469   ;;2301,803   ;197,394   ;167,793   ;45,731   ;36,539   ;651,282   ;5557,102   ;2550,167   ;6,460   ;406,249   ;327,881   ;616,761   ;60,387   ;120,869   ;104,217   ;6,024   ;116,260   ;22,683   ;37,038   ;134,090   ;8,959   ;689,863   ;7,743   ;25,889   ;5,210   ;124,461   ;94,549   ;868,563   ;620,465   ;154,894   ;117,506   ;;4,420   ;89,345   ;127,680   ;127,520   ;132,114   ;81,457   ;211,271   ;30,879   ;32,382   ;21,996   ;1094,710   ;263,060   ;144,370   ;21,251   ;10,447   ;140,172   ;121,756   ;13,567   ;34,913   ;18963,123   ;1004,876   ;,000   ;1,425   ;1006,301   ;,000   ;,000   ;152,424   ;152,424   ;152,424   ;4201,961   ;;;2247,271   ;6449,232   ;7607,957   ;26571,080   ;;;;;;;;;;;;;;;;;;;;;;;;;;;;;;;;;;;;;;;;;;;;;;;;;;;;;;;;;;;;;;;;;;;;;;;;;;;;;;;;;;;;;;;;;;;;;;;;;;;;;;;;;;;;;;;;;;;;;;;;;;;;;;;;;;;;;;;;;;;;;;;;;;;;;;;;;;;;;;;;;;;;;;;;;;;;;;;;;
16;22;Printed matter and recorded media;3,622   ;29,999   ;,394   ;6,420   ;;;4,640   ;;123,389   ;17,121   ;6,759   ;11,214   ;6,166   ;14,918   ;52,632   ;3100,632   ;1,798   ;191,176   ;70,373   ;54,421   ;9,919   ;58,408   ;56,937   ;10,711   ;19,861   ;8,702   ;7,871   ;52,413   ;6,529   ;34,266   ;,928   ;35,974   ;4,446   ;115,705   ;168,993   ;1592,530   ;1237,090   ;63,029   ;162,858   ;;3,718   ;209,114   ;393,164   ;469,559   ;735,520   ;133,172   ;93,412   ;38,110   ;99,879   ;54,749   ;2182,117   ;350,865   ;1197,419   ;181,636   ;15,884   ;148,199   ;644,492   ;8,562   ;,000   ;14302,415   ;6558,855   ;,000   ;31,403   ;6590,258   ;,000   ;,000   ;31,004   ;31,004   ;31,004   ;1088,558   ;;;337,878   ;1426,436   ;8047,698   ;22350,113   ;;;;;;;;;;;;;;;;;;;;;;;;;;;;;;;;;;;;;;;;;;;;;;;;;;;;;;;;;;;;;;;;;;;;;;;;;;;;;;;;;;;;;;;;;;;;;;;;;;;;;;;;;;;;;;;;;;;;;;;;;;;;;;;;;;;;;;;;;;;;;;;;;;;;;;;;;;;;;;;;;;;;;;;;;;;;;;;;;
17;23;Coke, refined petroleum products and nuclear fuels;1562,362   ;75,379   ;24,414   ;92,640   ;;;198,631   ;;869,677   ;9,191   ;32,264   ;43,083   ;9,578   ;30,430   ;18,699   ;39,118   ;1045,450   ;920,951   ;201,893   ;559,865   ;2293,345   ;162,725   ;156,645   ;8,705   ;90,942   ;8,050   ;16,045   ;84,803   ;39,756   ;158,719   ;48,618   ;153,235   ;29,327   ;2007,890   ;486,343   ;1683,916   ;805,959   ;160,793   ;9862,637   ;;272,922   ;676,898   ;153,832   ;206,137   ;642,699   ;12,339   ;280,101   ;91,186   ;29,559   ;16,644   ;438,529   ;436,075   ;129,984   ;137,881   ;313,256   ;17,237   ;79,932   ;30,300   ;,000   ;27957,589   ;7082,960   ;21,281   ;15,403   ;7119,644   ;,000   ;,000   ;760,449   ;760,449   ;760,449   ;4762,844   ;;;1152,538   ;5915,382   ;13795,475   ;41753,064   ;;;;;;;;;;;;;;;;;;;;;;;;;;;;;;;;;;;;;;;;;;;;;;;;;;;;;;;;;;;;;;;;;;;;;;;;;;;;;;;;;;;;;;;;;;;;;;;;;;;;;;;;;;;;;;;;;;;;;;;;;;;;;;;;;;;;;;;;;;;;;;;;;;;;;;;;;;;;;;;;;;;;;;;;;;;;;;;;;
18;24;Chemicals, chemical products and man-made fibres;3798,695   ;54,678   ;2,428   ;234,889   ;;;56,002   ;;1654,604   ;73,375   ;961,251   ;62,140   ;209,751   ;1295,939   ;931,378   ;956,095   ;382,184   ;12774,182   ;7116,890   ;1364,379   ;538,467   ;874,092   ;696,066   ;7,106   ;1012,382   ;218,117   ;114,732   ;942,098   ;329,690   ;1388,813   ;11,338   ;143,424   ;58,161   ;1459,691   ;270,249   ;1504,385   ;522,800   ;169,128   ;270,925   ;;8,620   ;90,752   ;44,672   ;86,174   ;1,415   ;,799   ;565,221   ;57,311   ;6,424   ;236,614   ;1398,090   ;378,296   ;132,290   ;2971,222   ;85,367   ;38,753   ;220,654   ;136,676   ;168,944   ;49088,818   ;17010,970   ;22,836   ;4458,245   ;21492,051   ;,000   ;,000   ;-242,003   ;-242,003   ;-242,003   ;9607,478   ;;;4893,868   ;14501,346   ;35751,394   ;84840,212   ;;;;;;;;;;;;;;;;;;;;;;;;;;;;;;;;;;;;;;;;;;;;;;;;;;;;;;;;;;;;;;;;;;;;;;;;;;;;;;;;;;;;;;;;;;;;;;;;;;;;;;;;;;;;;;;;;;;;;;;;;;;;;;;;;;;;;;;;;;;;;;;;;;;;;;;;;;;;;;;;;;;;;;;;;;;;;;;;;
19;25;Rubber and plastic products;72,619   ;42,450   ;,378   ;290,393   ;;;32,671   ;;1976,955   ;,045   ;237,091   ;38,945   ;122,294   ;253,509   ;216,702   ;163,548   ;5,832   ;886,617   ;5709,745   ;268,388   ;139,744   ;511,863   ;913,934   ;12,715   ;1838,162   ;158,622   ;176,936   ;2132,663   ;80,219   ;1236,836   ;21,849   ;40,902   ;21,337   ;12233,458   ;433,573   ;1261,194   ;1298,507   ;31,002   ;549,817   ;;4,767   ;37,990   ;51,758   ;46,638   ;141,365   ;,777   ;67,838   ;22,423   ;5,158   ;13,229   ;862,449   ;208,338   ;11,088   ;23,852   ;72,264   ;29,307   ;51,629   ;9,240   ;,000   ;35071,625   ;2235,416   ;,000   ;,000   ;2235,416   ;,000   ;,000   ;246,718   ;246,718   ;246,718   ;8875,771   ;;;3060,781   ;11936,552   ;14418,686   ;49490,311   ;;;;;;;;;;;;;;;;;;;;;;;;;;;;;;;;;;;;;;;;;;;;;;;;;;;;;;;;;;;;;;;;;;;;;;;;;;;;;;;;;;;;;;;;;;;;;;;;;;;;;;;;;;;;;;;;;;;;;;;;;;;;;;;;;;;;;;;;;;;;;;;;;;;;;;;;;;;;;;;;;;;;;;;;;;;;;;;;;
20;26;Other non-metallic mineral products;288,098   ;25,106   ;1,342   ;55,319   ;;;59,307   ;;851,259   ;,008   ;41,683   ;22,309   ;23,392   ;307,581   ;43,964   ;47,154   ;10,099   ;367,089   ;892,192   ;3683,661   ;619,748   ;582,227   ;451,494   ;12,108   ;714,014   ;408,840   ;70,520   ;256,529   ;40,172   ;463,721   ;17,762   ;72,854   ;15,157   ;9076,077   ;93,229   ;609,484   ;619,853   ;143,914   ;191,704   ;;1,647   ;15,553   ;85,086   ;67,476   ;,103   ;1,201   ;660,945   ;124,786   ;9,791   ;22,969   ;689,034   ;52,786   ;43,257   ;74,641   ;75,993   ;123,071   ;276,466   ;45,361   ;,000   ;23549,136   ;3819,978   ;,000   ;,000   ;3819,978   ;,000   ;,000   ;383,694   ;383,694   ;383,694   ;3865,319   ;;;1889,132   ;5754,451   ;9958,123   ;33507,259   ;;;;;;;;;;;;;;;;;;;;;;;;;;;;;;;;;;;;;;;;;;;;;;;;;;;;;;;;;;;;;;;;;;;;;;;;;;;;;;;;;;;;;;;;;;;;;;;;;;;;;;;;;;;;;;;;;;;;;;;;;;;;;;;;;;;;;;;;;;;;;;;;;;;;;;;;;;;;;;;;;;;;;;;;;;;;;;;;;
21;27;Basic metals;58,163   ;2,568   ;,229   ;122,961   ;;;57,623   ;;198,306   ;,055   ;31,720   ;9,744   ;5,820   ;132,682   ;31,537   ;35,800   ;11,011   ;134,983   ;412,064   ;289,388   ;9575,726   ;10288,097   ;5130,321   ;147,964   ;3283,678   ;136,412   ;264,281   ;3074,781   ;1049,509   ;554,320   ;665,281   ;162,209   ;13,287   ;2882,183   ;156,922   ;727,032   ;123,625   ;17,954   ;299,161   ;;,012   ;12,484   ;37,639   ;,000   ;,000   ;,032   ;58,077   ;56,698   ;5,562   ;22,154   ;184,674   ;53,514   ;7,600   ;4,165   ;22,411   ;31,607   ;38,672   ;2,568   ;,000   ;40625,266   ;205,856   ;,000   ;,000   ;205,856   ;,000   ;,000   ;-312,972   ;-312,972   ;-312,972   ;14447,705   ;;;4314,900   ;18762,605   ;18655,489   ;59280,755   ;;;;;;;;;;;;;;;;;;;;;;;;;;;;;;;;;;;;;;;;;;;;;;;;;;;;;;;;;;;;;;;;;;;;;;;;;;;;;;;;;;;;;;;;;;;;;;;;;;;;;;;;;;;;;;;;;;;;;;;;;;;;;;;;;;;;;;;;;;;;;;;;;;;;;;;;;;;;;;;;;;;;;;;;;;;;;;;;;
22;28;Fabricated metal products, except machinery and equipment;608,955   ;50,538   ;,408   ;614,221   ;;;59,570   ;;1111,089   ;2,039   ;18,644   ;18,559   ;20,462   ;557,577   ;47,086   ;26,414   ;2,415   ;206,420   ;678,539   ;286,106   ;858,229   ;5987,688   ;3525,765   ;30,962   ;863,573   ;105,487   ;337,690   ;7184,179   ;870,991   ;1178,387   ;6,110   ;406,942   ;26,631   ;6299,966   ;309,424   ;1263,682   ;397,017   ;31,656   ;168,397   ;;1,161   ;25,646   ;131,061   ;7,829   ;,000   ;,076   ;509,279   ;18,887   ;26,027   ;26,629   ;1640,957   ;244,581   ;14,654   ;21,216   ;88,254   ;58,746   ;60,964   ;6,543   ;,000   ;37044,328   ;2308,434   ;,000   ;,000   ;2308,434   ;4726,453   ;,000   ;275,713   ;275,713   ;5002,166   ;11250,121   ;;;2861,107   ;14111,228   ;21421,828   ;58466,156   ;;;;;;;;;;;;;;;;;;;;;;;;;;;;;;;;;;;;;;;;;;;;;;;;;;;;;;;;;;;;;;;;;;;;;;;;;;;;;;;;;;;;;;;;;;;;;;;;;;;;;;;;;;;;;;;;;;;;;;;;;;;;;;;;;;;;;;;;;;;;;;;;;;;;;;;;;;;;;;;;;;;;;;;;;;;;;;;;;
23;29;Machinery and equipment n.e.c.;1727,732   ;46,941   ;5,586   ;1380,120   ;;;288,231   ;;912,784   ;71,511   ;121,044   ;81,007   ;40,720   ;260,270   ;380,745   ;63,946   ;235,829   ;462,148   ;218,773   ;384,672   ;834,075   ;1279,287   ;5471,564   ;31,557   ;209,317   ;47,367   ;195,732   ;1474,325   ;738,233   ;175,654   ;21,814   ;1128,266   ;67,616   ;2128,069   ;362,991   ;741,632   ;969,876   ;91,982   ;292,900   ;;8,262   ;85,280   ;141,934   ;,098   ;,000   ;,215   ;57,776   ;398,214   ;47,437   ;43,852   ;478,229   ;956,744   ;64,811   ;86,420   ;79,636   ;,673   ;60,240   ;19,357   ;,000   ;25473,494   ;3647,241   ;25,023   ;19,224   ;3691,488   ;28731,945   ;,000   ;345,826   ;345,826   ;29077,771   ;14620,321   ;;;6950,950   ;21571,271   ;54340,530   ;79814,024   ;;;;;;;;;;;;;;;;;;;;;;;;;;;;;;;;;;;;;;;;;;;;;;;;;;;;;;;;;;;;;;;;;;;;;;;;;;;;;;;;;;;;;;;;;;;;;;;;;;;;;;;;;;;;;;;;;;;;;;;;;;;;;;;;;;;;;;;;;;;;;;;;;;;;;;;;;;;;;;;;;;;;;;;;;;;;;;;;;
24;30;Office machinery and computers;2,847   ;15,681   ;,196   ;6,096   ;;;3,793   ;;38,928   ;1,286   ;4,824   ;9,205   ;1,732   ;7,069   ;5,768   ;28,169   ;1,348   ;37,378   ;13,151   ;13,651   ;38,782   ;18,441   ;44,608   ;651,022   ;125,339   ;17,719   ;30,213   ;11,790   ;7,611   ;17,517   ;1,161   ;53,517   ;3,593   ;33,611   ;69,632   ;160,503   ;159,896   ;18,956   ;97,900   ;;,881   ;30,900   ;91,136   ;98,342   ;90,726   ;13,748   ;34,293   ;35,488   ;349,268   ;17,009   ;98,584   ;53,421   ;10,989   ;13,594   ;7,184   ;1,341   ;3,488   ;8,007   ;,000   ;2711,332   ;1862,634   ;29,483   ;23,878   ;1915,995   ;5860,501   ;,000   ;61,499   ;61,499   ;5922,000   ;656,621   ;;;127,676   ;784,297   ;8622,292   ;11333,624   ;;;;;;;;;;;;;;;;;;;;;;;;;;;;;;;;;;;;;;;;;;;;;;;;;;;;;;;;;;;;;;;;;;;;;;;;;;;;;;;;;;;;;;;;;;;;;;;;;;;;;;;;;;;;;;;;;;;;;;;;;;;;;;;;;;;;;;;;;;;;;;;;;;;;;;;;;;;;;;;;;;;;;;;;;;;;;;;;;
25;31;Electrical machinery and apparatus n.e.c.;235,589   ;10,575   ;,251   ;242,156   ;;;36,596   ;;166,238   ;1,633   ;9,628   ;14,935   ;3,665   ;49,882   ;37,491   ;13,376   ;1,631   ;119,525   ;87,625   ;103,106   ;1119,354   ;198,021   ;1985,114   ;54,462   ;2620,244   ;252,253   ;402,235   ;1965,492   ;399,808   ;44,267   ;3,380   ;1288,738   ;14,769   ;2746,213   ;251,241   ;522,064   ;438,627   ;47,021   ;606,844   ;;42,867   ;18,937   ;412,407   ;27,863   ;6,263   ;,065   ;243,091   ;10,120   ;74,481   ;45,256   ;665,904   ;331,121   ;88,574   ;196,069   ;49,155   ;14,454   ;326,068   ;13,210   ;,000   ;18659,954   ;168,493   ;,000   ;,000   ;168,493   ;3635,319   ;,000   ;352,766   ;352,766   ;3988,085   ;12138,651   ;;;2458,973   ;14597,624   ;18754,202   ;37414,156   ;;;;;;;;;;;;;;;;;;;;;;;;;;;;;;;;;;;;;;;;;;;;;;;;;;;;;;;;;;;;;;;;;;;;;;;;;;;;;;;;;;;;;;;;;;;;;;;;;;;;;;;;;;;;;;;;;;;;;;;;;;;;;;;;;;;;;;;;;;;;;;;;;;;;;;;;;;;;;;;;;;;;;;;;;;;;;;;;;
26;32;Radio, television and communication equipment and apparatus;2,308   ;4,367   ;,023   ;20,632   ;;;2,995   ;;7,776   ;,000   ;,875   ;1,017   ;,902   ;1,761   ;2,081   ;3,535   ;,660   ;1,674   ;3,890   ;1,809   ;1,632   ;7,010   ;87,242   ;60,618   ;307,345   ;7095,349   ;109,339   ;57,152   ;11,812   ;2,056   ;,180   ;137,365   ;,951   ;431,765   ;28,157   ;88,656   ;226,406   ;53,320   ;25,153   ;;51,929   ;20,958   ;3955,592   ;47,150   ;,644   ;18,942   ;21,097   ;5,320   ;61,497   ;42,297   ;711,124   ;243,674   ;54,029   ;30,701   ;1,880   ;6,916   ;264,857   ;8,859   ;,000   ;14335,279   ;4404,068   ;30,503   ;22,421   ;4456,992   ;1430,965   ;,000   ;1320,498   ;1320,498   ;2751,463   ;8227,125   ;;;1494,603   ;9721,728   ;16930,183   ;31265,462   ;;;;;;;;;;;;;;;;;;;;;;;;;;;;;;;;;;;;;;;;;;;;;;;;;;;;;;;;;;;;;;;;;;;;;;;;;;;;;;;;;;;;;;;;;;;;;;;;;;;;;;;;;;;;;;;;;;;;;;;;;;;;;;;;;;;;;;;;;;;;;;;;;;;;;;;;;;;;;;;;;;;;;;;;;;;;;;;;;
27;33;Medical, precision and optical instruments, watches and clocks;1,690   ;1,109   ;,005   ;30,582   ;;;11,228   ;;16,454   ;,031   ;,804   ;,960   ;,000   ;,809   ;,647   ;2,156   ;4,073   ;22,067   ;1,682   ;13,047   ;15,010   ;7,488   ;117,406   ;2,494   ;120,803   ;3,102   ;227,279   ;31,257   ;33,135   ;19,554   ;,126   ;224,989   ;6,472   ;124,466   ;67,052   ;166,891   ;59,660   ;4,416   ;23,453   ;;,124   ;8,124   ;2,052   ;1,095   ;,980   ;1,019   ;9,342   ;,058   ;25,668   ;99,334   ;104,977   ;32,594   ;7,213   ;890,524   ;,394   ;4,003   ;7,267   ;,831   ;,000   ;2557,996   ;830,565   ;12,708   ;41,908   ;885,181   ;7480,665   ;,000   ;109,740   ;109,740   ;7590,405   ;1780,208   ;;;686,458   ;2466,666   ;10942,252   ;13500,248   ;;;;;;;;;;;;;;;;;;;;;;;;;;;;;;;;;;;;;;;;;;;;;;;;;;;;;;;;;;;;;;;;;;;;;;;;;;;;;;;;;;;;;;;;;;;;;;;;;;;;;;;;;;;;;;;;;;;;;;;;;;;;;;;;;;;;;;;;;;;;;;;;;;;;;;;;;;;;;;;;;;;;;;;;;;;;;;;;;
28;34;Motor vehicles, trailers and semi-trailers;71,470   ;75,234   ;,849   ;11,130   ;;;34,311   ;;278,446   ;1,243   ;3,360   ;9,099   ;2,628   ;47,857   ;8,944   ;10,361   ;3,965   ;18,256   ;54,427   ;70,821   ;11,530   ;330,782   ;499,038   ;,656   ;30,866   ;6,027   ;6,222   ;19235,286   ;11,265   ;209,572   ;11,783   ;58,317   ;14,371   ;302,501   ;986,592   ;17,788   ;80,947   ;27,091   ;3397,564   ;;,414   ;177,666   ;71,232   ;145,142   ;,461   ;,419   ;20,464   ;95,922   ;33,265   ;5,197   ;252,324   ;50,230   ;12,093   ;4,950   ;200,702   ;16,685   ;43,285   ;14,285   ;,000   ;27085,335   ;9956,342   ;19,380   ;14,400   ;9990,122   ;18267,523   ;,000   ;-1275,300   ;-1275,300   ;16992,223   ;35550,839   ;;;5280,463   ;40831,302   ;67813,647   ;94898,982   ;;;;;;;;;;;;;;;;;;;;;;;;;;;;;;;;;;;;;;;;;;;;;;;;;;;;;;;;;;;;;;;;;;;;;;;;;;;;;;;;;;;;;;;;;;;;;;;;;;;;;;;;;;;;;;;;;;;;;;;;;;;;;;;;;;;;;;;;;;;;;;;;;;;;;;;;;;;;;;;;;;;;;;;;;;;;;;;;;
29;35;Other transport equipment;8,994   ;13,578   ;14,773   ;33,434   ;;;26,335   ;;3,651   ;,000   ;,000   ;,000   ;,000   ;,758   ;,978   ;,994   ;1,334   ;,484   ;2,004   ;,505   ;,608   ;,398   ;,653   ;,000   ;1,326   ;,590   ;,266   ;4,218   ;2173,522   ;,630   ;1,005   ;8,965   ;,335   ;1,230   ;2,504   ;,000   ;1,544   ;10,231   ;809,661   ;;257,421   ;63,277   ;12,909   ;,000   ;,000   ;,000   ;,000   ;14,787   ;,000   ;,000   ;,091   ;17,123   ;,000   ;5,186   ;,000   ;,000   ;165,223   ;,000   ;,000   ;3661,525   ;485,658   ;22,451   ;16,638   ;524,747   ;2704,627   ;,000   ;1340,456   ;1340,456   ;4045,083   ;4882,012   ;;;7030,024   ;11912,036   ;16481,866   ;20143,391   ;;;;;;;;;;;;;;;;;;;;;;;;;;;;;;;;;;;;;;;;;;;;;;;;;;;;;;;;;;;;;;;;;;;;;;;;;;;;;;;;;;;;;;;;;;;;;;;;;;;;;;;;;;;;;;;;;;;;;;;;;;;;;;;;;;;;;;;;;;;;;;;;;;;;;;;;;;;;;;;;;;;;;;;;;;;;;;;;;
30;36;"Furniture; other manufactured goods n.e.c.";25,346   ;20,158   ;1,094   ;26,553   ;;;6,880   ;;179,630   ;17,805   ;15,225   ;25,899   ;11,479   ;105,922   ;24,816   ;46,550   ;4,952   ;85,292   ;63,506   ;123,001   ;46,911   ;104,589   ;175,626   ;8,860   ;179,077   ;28,694   ;47,328   ;41,177   ;73,683   ;2360,745   ;2,216   ;97,064   ;6,723   ;176,969   ;163,863   ;220,787   ;229,478   ;145,289   ;157,040   ;;1,268   ;64,444   ;140,185   ;23,963   ;41,265   ;32,483   ;53,591   ;57,072   ;58,435   ;20,244   ;255,639   ;179,638   ;168,969   ;148,986   ;32,200   ;1,069   ;970,378   ;36,663   ;,000   ;7336,719   ;7066,370   ;23,861   ;37,669   ;7127,900   ;3411,790   ;17,045   ;-165,473   ;-148,428   ;3263,362   ;14494,206   ;;;2785,228   ;17279,434   ;27670,696   ;35007,415   ;;;;;;;;;;;;;;;;;;;;;;;;;;;;;;;;;;;;;;;;;;;;;;;;;;;;;;;;;;;;;;;;;;;;;;;;;;;;;;;;;;;;;;;;;;;;;;;;;;;;;;;;;;;;;;;;;;;;;;;;;;;;;;;;;;;;;;;;;;;;;;;;;;;;;;;;;;;;;;;;;;;;;;;;;;;;;;;;;
31;37;Secondary raw materials;,116   ;,068   ;,045   ;,241   ;;;6,338   ;;6,236   ;,201   ;,986   ;1,009   ;,451   ;1,425   ;,754   ;1,285   ;6,438   ;3,806   ;27,014   ;274,599   ;552,651   ;464,798   ;82,162   ;,002   ;8,862   ;,631   ;2,799   ;23,901   ;1,396   ;13,570   ;292,973   ;,721   ;,744   ;2,878   ;1,812   ;14,967   ;3,783   ;,597   ;,852   ;;,210   ;,565   ;,033   ;,000   ;,000   ;,000   ;299,602   ;,641   ;,200   ;,924   ;1,189   ;,000   ;,451   ;,234   ;28,886   ;,114   ;,353   ;1,534   ;,000   ;2136,047   ;,000   ;,000   ;,000   ;,000   ;,000   ;,000   ;13,333   ;13,333   ;13,333   ;,000   ;;;,000   ;,000   ;13,333   ;2149,380   ;;;;;;;;;;;;;;;;;;;;;;;;;;;;;;;;;;;;;;;;;;;;;;;;;;;;;;;;;;;;;;;;;;;;;;;;;;;;;;;;;;;;;;;;;;;;;;;;;;;;;;;;;;;;;;;;;;;;;;;;;;;;;;;;;;;;;;;;;;;;;;;;;;;;;;;;;;;;;;;;;;;;;;;;;;;;;;;;;
32;40;Electrical energy, gas, steam and hot water;1249,143   ;20,546   ;6,154   ;1064,673   ;;;244,208   ;;2794,238   ;32,810   ;344,964   ;168,773   ;56,107   ;505,634   ;612,574   ;197,030   ;95,200   ;1925,222   ;808,349   ;1359,698   ;2687,859   ;684,511   ;663,288   ;5,991   ;248,408   ;107,698   ;69,958   ;536,607   ;227,022   ;330,973   ;37,032   ;2161,223   ;339,936   ;847,846   ;184,919   ;605,477   ;1384,266   ;694,016   ;1582,936   ;;13,412   ;176,288   ;353,422   ;139,900   ;16,431   ;65,759   ;13729,644   ;32,348   ;39,599   ;116,639   ;561,047   ;870,999   ;1374,634   ;932,399   ;1107,502   ;21,418   ;395,398   ;140,544   ;23,852   ;44996,524   ;16797,942   ;,000   ;74,864   ;16872,806   ;,000   ;,000   ;7,136   ;7,136   ;7,136   ;1891,069   ;;;2,414   ;1893,483   ;18773,425   ;63769,949   ;;;;;;;;;;;;;;;;;;;;;;;;;;;;;;;;;;;;;;;;;;;;;;;;;;;;;;;;;;;;;;;;;;;;;;;;;;;;;;;;;;;;;;;;;;;;;;;;;;;;;;;;;;;;;;;;;;;;;;;;;;;;;;;;;;;;;;;;;;;;;;;;;;;;;;;;;;;;;;;;;;;;;;;;;;;;;;;;;
33;41;Collected and purified water, distribution services of water;68,307   ;13,028   ;,512   ;34,177   ;;;6,761   ;;93,063   ;4,182   ;21,611   ;11,027   ;5,946   ;12,222   ;18,762   ;17,563   ;10,821   ;34,033   ;42,026   ;57,483   ;56,738   ;57,938   ;57,464   ;5,526   ;23,560   ;9,903   ;9,009   ;47,778   ;12,839   ;17,398   ;2,239   ;91,834   ;248,077   ;85,998   ;54,839   ;151,944   ;185,561   ;135,248   ;185,890   ;;1,614   ;25,003   ;18,355   ;17,542   ;11,451   ;1,018   ;1830,090   ;8,780   ;2,773   ;18,774   ;46,497   ;32,656   ;45,594   ;41,121   ;57,232   ;19,429   ;27,543   ;20,840   ;,000   ;4117,619   ;168,590   ;,000   ;622,462   ;791,052   ;,000   ;,000   ;,332   ;,332   ;,332   ;,000   ;;;,000   ;,000   ;791,384   ;4909,003   ;;;;;;;;;;;;;;;;;;;;;;;;;;;;;;;;;;;;;;;;;;;;;;;;;;;;;;;;;;;;;;;;;;;;;;;;;;;;;;;;;;;;;;;;;;;;;;;;;;;;;;;;;;;;;;;;;;;;;;;;;;;;;;;;;;;;;;;;;;;;;;;;;;;;;;;;;;;;;;;;;;;;;;;;;;;;;;;;;
34;45;Construction work;206,129   ;173,604   ;,331   ;185,525   ;;;173,679   ;;497,038   ;12,725   ;34,294   ;21,894   ;8,496   ;171,332   ;192,345   ;54,982   ;62,767   ;244,251   ;232,559   ;398,591   ;183,333   ;976,397   ;890,930   ;41,635   ;339,523   ;77,425   ;72,831   ;264,718   ;73,790   ;117,299   ;5,738   ;5092,957   ;143,221   ;27374,030   ;279,987   ;506,982   ;1119,394   ;228,118   ;683,238   ;;,793   ;204,330   ;734,497   ;15,091   ;10,599   ;16,626   ;7292,661   ;308,331   ;19,373   ;37,909   ;5055,836   ;2938,642   ;272,575   ;362,367   ;410,724   ;5,835   ;512,335   ;23,559   ;,000   ;59364,171   ;21987,796   ;,000   ;3337,243   ;25325,039   ;61725,026   ;,000   ;798,600   ;798,600   ;62523,626   ;4444,912   ;;;1112,128   ;5557,040   ;93405,705   ;152769,876   ;;;;;;;;;;;;;;;;;;;;;;;;;;;;;;;;;;;;;;;;;;;;;;;;;;;;;;;;;;;;;;;;;;;;;;;;;;;;;;;;;;;;;;;;;;;;;;;;;;;;;;;;;;;;;;;;;;;;;;;;;;;;;;;;;;;;;;;;;;;;;;;;;;;;;;;;;;;;;;;;;;;;;;;;;;;;;;;;;
35;50;"Trade, maintenance and repair services of motor vehicles and motorcycles; retail sale of automotive fuel";689,900   ;56,203   ;4,590   ;49,451   ;;;91,573   ;;588,859   ;30,956   ;34,132   ;31,027   ;7,182   ;116,178   ;35,956   ;43,741   ;350,672   ;225,586   ;114,073   ;200,085   ;39,291   ;197,521   ;262,359   ;4,087   ;62,884   ;9,340   ;14,971   ;4382,242   ;93,949   ;112,719   ;24,939   ;115,349   ;20,877   ;1104,215   ;3330,973   ;1184,893   ;618,983   ;64,150   ;6882,841   ;;85,333   ;395,244   ;98,698   ;182,316   ;268,335   ;19,676   ;130,017   ;188,454   ;64,158   ;12,596   ;424,977   ;828,746   ;80,233   ;74,614   ;295,493   ;11,066   ;120,722   ;39,871   ;,000   ;24517,296   ;11038,749   ;13,573   ;9,377   ;11061,699   ;4782,965   ;,000   ;-41,988   ;-41,988   ;4740,977   ;7741,893   ;;;1252,938   ;8994,831   ;24797,507   ;49314,803   ;;;;;;;;;;;;;;;;;;;;;;;;;;;;;;;;;;;;;;;;;;;;;;;;;;;;;;;;;;;;;;;;;;;;;;;;;;;;;;;;;;;;;;;;;;;;;;;;;;;;;;;;;;;;;;;;;;;;;;;;;;;;;;;;;;;;;;;;;;;;;;;;;;;;;;;;;;;;;;;;;;;;;;;;;;;;;;;;;
36;51;Wholesale trade and commission trade services, except of motor vehicles and motorcycles;3394,538   ;172,175   ;11,772   ;267,494   ;;;80,588   ;;11724,306   ;103,158   ;592,504   ;759,215   ;178,343   ;1215,665   ;800,553   ;597,755   ;456,761   ;2116,080   ;2015,396   ;1320,238   ;1168,900   ;1420,267   ;1535,699   ;138,312   ;1237,566   ;808,720   ;230,590   ;1718,354   ;298,545   ;2015,610   ;46,518   ;1226,789   ;32,443   ;6182,437   ;316,230   ;2237,861   ;1751,640   ;1594,170   ;387,530   ;;18,072   ;161,470   ;869,880   ;214,536   ;146,214   ;64,357   ;655,252   ;111,249   ;151,520   ;107,824   ;1679,253   ;763,977   ;514,499   ;1141,229   ;106,449   ;151,750   ;642,272   ;85,555   ;214,840   ;57954,920   ;24473,681   ;50,561   ;912,476   ;25436,718   ;3562,191   ;1,858   ;711,025   ;712,883   ;4275,074   ;18228,077   ;;;5421,496   ;23649,573   ;53361,365   ;111316,285   ;;;;;;;;;;;;;;;;;;;;;;;;;;;;;;;;;;;;;;;;;;;;;;;;;;;;;;;;;;;;;;;;;;;;;;;;;;;;;;;;;;;;;;;;;;;;;;;;;;;;;;;;;;;;;;;;;;;;;;;;;;;;;;;;;;;;;;;;;;;;;;;;;;;;;;;;;;;;;;;;;;;;;;;;;;;;;;;;;
37;52;"Retail  trade services, except of motor vehicles and motorcycles; repair services of personal and household goods";1507,310   ;79,722   ;5,336   ;119,018   ;;;35,800   ;;5361,603   ;46,542   ;270,314   ;377,237   ;87,800   ;563,818   ;361,476   ;300,579   ;326,953   ;955,879   ;1011,957   ;661,061   ;519,002   ;639,597   ;745,770   ;60,488   ;562,612   ;360,522   ;103,526   ;784,012   ;134,749   ;926,241   ;20,732   ;544,460   ;15,101   ;2777,064   ;269,086   ;2566,410   ;2903,371   ;714,740   ;194,301   ;;11,998   ;90,252   ;563,129   ;95,165   ;64,818   ;29,643   ;454,585   ;57,407   ;83,533   ;48,343   ;947,792   ;351,345   ;232,656   ;510,800   ;49,881   ;72,792   ;300,265   ;57,923   ;95,241   ;31031,757   ;50692,033   ;45,646   ;823,791   ;51561,470   ;7003,541   ;1,677   ;641,748   ;643,425   ;7646,966   ;16456,478   ;;;4894,576   ;21351,054   ;80559,490   ;111591,247   ;;;;;;;;;;;;;;;;;;;;;;;;;;;;;;;;;;;;;;;;;;;;;;;;;;;;;;;;;;;;;;;;;;;;;;;;;;;;;;;;;;;;;;;;;;;;;;;;;;;;;;;;;;;;;;;;;;;;;;;;;;;;;;;;;;;;;;;;;;;;;;;;;;;;;;;;;;;;;;;;;;;;;;;;;;;;;;;;;
38;55;Hotel and restaurant services;7,047   ;3,408   ;,102   ;78,699   ;;;5,746   ;;133,098   ;10,570   ;15,951   ;15,061   ;4,608   ;24,073   ;24,286   ;50,936   ;1,341   ;71,292   ;37,544   ;42,184   ;12,541   ;67,990   ;131,838   ;12,375   ;58,690   ;33,412   ;29,991   ;46,287   ;20,821   ;33,112   ;2,713   ;19,257   ;,997   ;427,143   ;89,776   ;624,961   ;230,279   ;205,191   ;328,822   ;;142,085   ;1595,498   ;45,405   ;67,238   ;64,176   ;51,762   ;30,831   ;18,119   ;88,434   ;30,211   ;484,178   ;182,798   ;184,988   ;83,089   ;12,057   ;1,073   ;132,122   ;6,676   ;,000   ;6122,882   ;17033,142   ;81,752   ;791,925   ;17906,819   ;,000   ;,000   ;-,236   ;-,236   ;-,236   ;,432   ;;;1,008   ;1,440   ;17908,023   ;24030,905   ;;;;;;;;;;;;;;;;;;;;;;;;;;;;;;;;;;;;;;;;;;;;;;;;;;;;;;;;;;;;;;;;;;;;;;;;;;;;;;;;;;;;;;;;;;;;;;;;;;;;;;;;;;;;;;;;;;;;;;;;;;;;;;;;;;;;;;;;;;;;;;;;;;;;;;;;;;;;;;;;;;;;;;;;;;;;;;;;;
39;60;"Land transport; transport via pipeline services";527,730   ;125,534   ;2,558   ;516,621   ;;;469,783   ;;3002,177   ;93,970   ;128,536   ;111,046   ;55,437   ;1426,014   ;1014,459   ;251,156   ;982,137   ;1571,291   ;1000,592   ;1701,997   ;1034,634   ;961,083   ;813,286   ;62,390   ;584,492   ;319,088   ;146,962   ;1135,647   ;180,129   ;633,756   ;153,117   ;2690,255   ;19,899   ;3183,738   ;1518,323   ;7480,479   ;2056,558   ;90,094   ;5181,017   ;;55,970   ;5073,392   ;256,222   ;35,689   ;40,856   ;34,279   ;444,720   ;137,069   ;171,851   ;40,332   ;1219,334   ;589,004   ;260,114   ;156,017   ;308,261   ;12,908   ;107,033   ;56,172   ;31,238   ;50256,446   ;15133,025   ;,000   ;3569,437   ;18702,462   ;480,279   ;,000   ;1,575   ;1,575   ;481,854   ;10380,327   ;;;1042,343   ;11422,670   ;30606,986   ;80863,432   ;;;;;;;;;;;;;;;;;;;;;;;;;;;;;;;;;;;;;;;;;;;;;;;;;;;;;;;;;;;;;;;;;;;;;;;;;;;;;;;;;;;;;;;;;;;;;;;;;;;;;;;;;;;;;;;;;;;;;;;;;;;;;;;;;;;;;;;;;;;;;;;;;;;;;;;;;;;;;;;;;;;;;;;;;;;;;;;;;
40;61;Water transport services;;;;;;;;;;;;;;;;;;;;;;;;;;;;;;;;;;;;;;;;;;;;;;;;;;;;;;;;;;;;;;;;;;;;;;;;;;;;;;;;;;;;;;;;;;;;;;;;;;;;;;;;;;;;;;;;;;;;;;;;;;;;;;;;;;;;;;;;;;;;;;;;;;;;;;;;;;;;;;;;;;;;;;;;;;;;;;;;;;;;;;;;;;;;;;;;;;;;;;;;;;;;;;;;;;;;;;;;;;;;;;;;;;;;;;;;;;;;;;;;;;;;;;;;;;;;;
41;62;Air transport services;12,172   ;16,839   ;9,714   ;,000   ;;;16,751   ;;101,347   ;5,894   ;18,907   ;18,227   ;3,073   ;65,975   ;50,252   ;26,264   ;33,947   ;92,625   ;33,613   ;43,918   ;16,717   ;57,783   ;74,356   ;9,449   ;52,830   ;26,255   ;21,217   ;92,333   ;44,809   ;47,044   ;2,560   ;23,453   ;,232   ;99,978   ;58,356   ;530,491   ;128,815   ;12,841   ;190,826   ;;338,114   ;697,936   ;36,549   ;29,636   ;7,133   ;15,896   ;22,239   ;11,995   ;47,744   ;24,708   ;187,712   ;19,806   ;9,747   ;4,135   ;4,802   ;,460   ;42,348   ;,521   ;,000   ;3541,344   ;751,717   ;,000   ;,000   ;751,717   ;11,693   ;,000   ;7,460   ;7,460   ;19,153   ;2807,483   ;;;1203,207   ;4010,690   ;4781,560   ;8322,904   ;;;;;;;;;;;;;;;;;;;;;;;;;;;;;;;;;;;;;;;;;;;;;;;;;;;;;;;;;;;;;;;;;;;;;;;;;;;;;;;;;;;;;;;;;;;;;;;;;;;;;;;;;;;;;;;;;;;;;;;;;;;;;;;;;;;;;;;;;;;;;;;;;;;;;;;;;;;;;;;;;;;;;;;;;;;;;;;;;
42;63;"Supporting and auxiliary transport services; travel agency services";72,546   ;,896   ;7,503   ;27,628   ;;;17,126   ;;331,297   ;16,498   ;,905   ;1,373   ;1,319   ;13,582   ;9,799   ;11,757   ;43,031   ;150,239   ;14,500   ;41,400   ;26,973   ;23,617   ;30,475   ;9,252   ;19,597   ;,882   ;1,596   ;107,833   ;10,612   ;25,915   ;2,421   ;6,877   ;,394   ;81,712   ;36,386   ;4815,468   ;3009,506   ;15,224   ;1093,372   ;;1459,468   ;4194,445   ;,564   ;4,919   ;,000   ;11,710   ;7,535   ;,768   ;4,519   ;1,415   ;62,017   ;7,906   ;1,408   ;1,164   ;19,996   ;,044   ;3,732   ;,003   ;,000   ;15861,124   ;6786,388   ;,000   ;881,669   ;7668,057   ;,000   ;,000   ;-5,947   ;-5,947   ;-5,947   ;3252,360   ;;;1053,840   ;4306,200   ;11968,310   ;27829,434   ;;;;;;;;;;;;;;;;;;;;;;;;;;;;;;;;;;;;;;;;;;;;;;;;;;;;;;;;;;;;;;;;;;;;;;;;;;;;;;;;;;;;;;;;;;;;;;;;;;;;;;;;;;;;;;;;;;;;;;;;;;;;;;;;;;;;;;;;;;;;;;;;;;;;;;;;;;;;;;;;;;;;;;;;;;;;;;;;;
43;64;Post and telecommunication services;109,268   ;40,219   ;2,280   ;26,895   ;;;41,232   ;;657,165   ;30,822   ;55,615   ;89,570   ;30,807   ;166,564   ;59,055   ;381,695   ;7,686   ;584,098   ;171,338   ;164,998   ;80,254   ;584,950   ;349,677   ;60,523   ;107,196   ;55,057   ;68,880   ;464,686   ;72,412   ;358,003   ;12,051   ;433,098   ;30,867   ;746,560   ;1427,909   ;2579,039   ;1280,338   ;174,920   ;1561,611   ;;86,137   ;1206,749   ;4083,586   ;1259,369   ;885,914   ;503,257   ;1242,719   ;167,732   ;622,003   ;96,957   ;1698,253   ;885,329   ;293,775   ;715,731   ;135,500   ;137,317   ;807,101   ;86,886   ;21,866   ;28003,519   ;19204,079   ;,000   ;111,310   ;19315,389   ;,000   ;,000   ;-2,215   ;-2,215   ;-2,215   ;819,238   ;;;204,810   ;1024,048   ;20337,222   ;48340,741   ;;;;;;;;;;;;;;;;;;;;;;;;;;;;;;;;;;;;;;;;;;;;;;;;;;;;;;;;;;;;;;;;;;;;;;;;;;;;;;;;;;;;;;;;;;;;;;;;;;;;;;;;;;;;;;;;;;;;;;;;;;;;;;;;;;;;;;;;;;;;;;;;;;;;;;;;;;;;;;;;;;;;;;;;;;;;;;;;;
44;65;Financial intermediation services, except insurance and pension funding services;353,804   ;32,299   ;2,451   ;91,867   ;;;56,232   ;;927,736   ;17,806   ;60,023   ;67,853   ;15,273   ;105,936   ;58,329   ;161,119   ;100,763   ;161,588   ;176,639   ;142,130   ;102,390   ;318,318   ;240,971   ;18,820   ;101,029   ;43,483   ;32,438   ;298,535   ;64,547   ;135,099   ;13,893   ;334,329   ;16,058   ;777,929   ;443,036   ;1348,209   ;778,071   ;82,119   ;500,123   ;;24,887   ;167,632   ;435,481   ;5372,198   ;138,410   ;493,111   ;1009,134   ;72,585   ;100,133   ;44,353   ;924,056   ;852,956   ;432,505   ;374,501   ;115,279   ;190,004   ;191,535   ;31,282   ;,000   ;19151,287   ;14519,687   ;,000   ;,000   ;14519,687   ;,000   ;,000   ;,000   ;,000   ;,000   ;607,440   ;;;151,860   ;759,300   ;15278,987   ;34430,274   ;;;;;;;;;;;;;;;;;;;;;;;;;;;;;;;;;;;;;;;;;;;;;;;;;;;;;;;;;;;;;;;;;;;;;;;;;;;;;;;;;;;;;;;;;;;;;;;;;;;;;;;;;;;;;;;;;;;;;;;;;;;;;;;;;;;;;;;;;;;;;;;;;;;;;;;;;;;;;;;;;;;;;;;;;;;;;;;;;
45;66;Insurance and pension funding services, except compulsory social security services;403,729   ;7,702   ;1,322   ;66,234   ;;;5,899   ;;149,456   ;18,592   ;11,977   ;24,513   ;4,692   ;31,056   ;20,193   ;17,176   ;12,566   ;80,292   ;47,673   ;54,044   ;24,379   ;62,725   ;56,085   ;8,439   ;27,162   ;8,723   ;11,462   ;42,288   ;23,234   ;36,581   ;5,533   ;203,784   ;12,853   ;221,802   ;78,541   ;262,764   ;166,766   ;21,524   ;342,044   ;;9,361   ;52,190   ;37,328   ;16,728   ;105,576   ;29,082   ;60,701   ;108,819   ;29,263   ;9,615   ;157,853   ;153,268   ;8,389   ;18,401   ;63,491   ;,092   ;13,159   ;1,823   ;,000   ;3448,944   ;13748,790   ;,000   ;1,294   ;13750,084   ;,000   ;,000   ;,000   ;,000   ;,000   ;176,000   ;;;44,000   ;220,000   ;13970,084   ;17419,028   ;;;;;;;;;;;;;;;;;;;;;;;;;;;;;;;;;;;;;;;;;;;;;;;;;;;;;;;;;;;;;;;;;;;;;;;;;;;;;;;;;;;;;;;;;;;;;;;;;;;;;;;;;;;;;;;;;;;;;;;;;;;;;;;;;;;;;;;;;;;;;;;;;;;;;;;;;;;;;;;;;;;;;;;;;;;;;;;;;
46;67;Services auxiliary to financial intermediation;7,341   ;,430   ;,129   ;6,173   ;;;2,059   ;;117,749   ;5,110   ;4,851   ;5,544   ;1,700   ;4,534   ;,986   ;7,360   ;2,645   ;25,532   ;26,734   ;13,002   ;70,223   ;22,826   ;33,293   ;1,302   ;11,055   ;1,695   ;5,827   ;72,250   ;12,061   ;9,910   ;,362   ;12,318   ;1,320   ;154,387   ;70,764   ;165,845   ;87,050   ;6,302   ;41,714   ;;,823   ;22,583   ;81,437   ;1484,327   ;2008,146   ;1555,654   ;53,468   ;2,327   ;7,665   ;2,187   ;313,608   ;78,425   ;7,877   ;38,003   ;5,116   ;,479   ;5,940   ;1,648   ;,000   ;6682,096   ;7252,158   ;,000   ;,000   ;7252,158   ;,000   ;,000   ;,000   ;,000   ;,000   ;28,000   ;;;7,000   ;35,000   ;7287,158   ;13969,254   ;;;;;;;;;;;;;;;;;;;;;;;;;;;;;;;;;;;;;;;;;;;;;;;;;;;;;;;;;;;;;;;;;;;;;;;;;;;;;;;;;;;;;;;;;;;;;;;;;;;;;;;;;;;;;;;;;;;;;;;;;;;;;;;;;;;;;;;;;;;;;;;;;;;;;;;;;;;;;;;;;;;;;;;;;;;;;;;;;
47;70;Real estate services;132,693   ;22,175   ;1,854   ;19,555   ;;;27,034   ;;431,547   ;42,353   ;38,191   ;98,822   ;36,106   ;51,596   ;56,840   ;207,905   ;5,465   ;177,495   ;177,914   ;96,243   ;45,583   ;192,394   ;227,595   ;130,274   ;71,413   ;23,041   ;69,797   ;139,627   ;63,827   ;227,165   ;10,643   ;173,739   ;41,434   ;648,544   ;767,782   ;3402,955   ;3756,338   ;280,737   ;480,332   ;;43,148   ;473,991   ;825,460   ;763,169   ;286,769   ;274,770   ;1878,644   ;214,423   ;232,403   ;24,989   ;2606,326   ;373,873   ;557,719   ;601,521   ;149,026   ;9,341   ;227,197   ;119,734   ;,000   ;22039,511   ;79237,895   ;710,607   ;3439,893   ;83388,395   ;100,000   ;,000   ;628,770   ;628,770   ;728,770   ;477,900   ;;;159,300   ;637,200   ;84754,365   ;106793,876   ;;;;;;;;;;;;;;;;;;;;;;;;;;;;;;;;;;;;;;;;;;;;;;;;;;;;;;;;;;;;;;;;;;;;;;;;;;;;;;;;;;;;;;;;;;;;;;;;;;;;;;;;;;;;;;;;;;;;;;;;;;;;;;;;;;;;;;;;;;;;;;;;;;;;;;;;;;;;;;;;;;;;;;;;;;;;;;;;;
48;71;Renting services of machinery and equipment without operator and of personal and household goods;93,508   ;31,141   ;1,534   ;295,134   ;;;79,503   ;;438,970   ;9,478   ;51,180   ;65,532   ;33,429   ;154,550   ;109,181   ;149,913   ;46,628   ;148,256   ;182,898   ;233,632   ;144,232   ;275,277   ;169,563   ;16,385   ;90,227   ;15,438   ;34,654   ;179,331   ;74,070   ;161,554   ;25,910   ;271,950   ;15,544   ;896,383   ;248,688   ;1278,075   ;490,503   ;101,568   ;1067,081   ;;651,583   ;218,911   ;735,279   ;30,449   ;2,725   ;19,512   ;79,550   ;850,679   ;127,987   ;3,236   ;441,204   ;83,026   ;103,489   ;115,323   ;161,112   ;,753   ;292,794   ;21,403   ;,000   ;11619,915   ;134,117   ;,000   ;,000   ;134,117   ;,000   ;,000   ;-1,559   ;-1,559   ;-1,559   ;92,800   ;;;23,200   ;116,000   ;248,558   ;11868,473   ;;;;;;;;;;;;;;;;;;;;;;;;;;;;;;;;;;;;;;;;;;;;;;;;;;;;;;;;;;;;;;;;;;;;;;;;;;;;;;;;;;;;;;;;;;;;;;;;;;;;;;;;;;;;;;;;;;;;;;;;;;;;;;;;;;;;;;;;;;;;;;;;;;;;;;;;;;;;;;;;;;;;;;;;;;;;;;;;;
49;72;Computer and related services;7,615   ;7,050   ;,132   ;70,378   ;;;21,675   ;;372,449   ;7,494   ;12,243   ;6,305   ;2,469   ;17,453   ;19,176   ;128,678   ;1,487   ;85,615   ;44,225   ;48,490   ;43,080   ;69,314   ;118,365   ;137,592   ;57,902   ;40,932   ;38,664   ;413,275   ;41,604   ;38,819   ;3,100   ;270,911   ;6,674   ;94,394   ;189,554   ;1245,440   ;551,443   ;21,646   ;113,892   ;;42,170   ;134,529   ;1140,870   ;504,690   ;262,106   ;175,222   ;101,912   ;242,234   ;1889,353   ;23,339   ;740,534   ;375,230   ;144,676   ;98,911   ;22,063   ;1,298   ;75,723   ;17,913   ;,000   ;10342,308   ;2502,464   ;,000   ;150,553   ;2653,017   ;3898,929   ;,000   ;15,189   ;15,189   ;3914,118   ;1357,163   ;;;459,909   ;1817,072   ;8384,207   ;18726,515   ;;;;;;;;;;;;;;;;;;;;;;;;;;;;;;;;;;;;;;;;;;;;;;;;;;;;;;;;;;;;;;;;;;;;;;;;;;;;;;;;;;;;;;;;;;;;;;;;;;;;;;;;;;;;;;;;;;;;;;;;;;;;;;;;;;;;;;;;;;;;;;;;;;;;;;;;;;;;;;;;;;;;;;;;;;;;;;;;;
50;73;Research and development services;13,679   ;1,249   ;,057   ;57,896   ;;;19,461   ;;105,665   ;9,138   ;9,279   ;1,522   ;,496   ;9,760   ;321,734   ;36,659   ;117,287   ;217,161   ;37,258   ;43,430   ;32,894   ;56,016   ;222,835   ;1,150   ;493,697   ;59,449   ;38,594   ;127,482   ;60,794   ;39,675   ;2,069   ;132,728   ;4,515   ;52,532   ;5,001   ;500,252   ;52,138   ;5,300   ;9,305   ;;30,353   ;88,667   ;193,410   ;1,554   ;,000   ;13,768   ;25,556   ;,000   ;91,755   ;803,209   ;193,351   ;36,359   ;46,452   ;26,392   ;24,247   ;,152   ;19,056   ;,000   ;,000   ;4492,438   ;,000   ;,000   ;1972,781   ;1972,781   ;,000   ;,000   ;12,663   ;12,663   ;12,663   ;373,902   ;;;124,634   ;498,536   ;2483,980   ;6976,418   ;;;;;;;;;;;;;;;;;;;;;;;;;;;;;;;;;;;;;;;;;;;;;;;;;;;;;;;;;;;;;;;;;;;;;;;;;;;;;;;;;;;;;;;;;;;;;;;;;;;;;;;;;;;;;;;;;;;;;;;;;;;;;;;;;;;;;;;;;;;;;;;;;;;;;;;;;;;;;;;;;;;;;;;;;;;;;;;;;
51;74;Other business services;252,250   ;149,758   ;4,623   ;643,212   ;;;306,933   ;;3440,239   ;246,771   ;242,711   ;617,833   ;76,364   ;527,168   ;674,363   ;2970,161   ;143,918   ;2022,024   ;884,268   ;883,965   ;805,278   ;1612,768   ;2361,194   ;213,276   ;742,491   ;207,962   ;557,992   ;1459,556   ;1314,282   ;990,821   ;46,769   ;4735,928   ;55,783   ;3910,100   ;2155,101   ;7107,944   ;6274,457   ;531,370   ;2151,747   ;;53,996   ;709,965   ;6043,446   ;825,324   ;294,299   ;678,581   ;2767,959   ;465,427   ;1244,996   ;288,132   ;16198,502   ;1680,462   ;1174,250   ;1113,400   ;511,185   ;19,564   ;1617,545   ;308,109   ;31,237   ;87347,759   ;6713,681   ;115,234   ;1187,707   ;8016,622   ;9171,744   ;,000   ;98,791   ;98,791   ;9270,535   ;3837,964   ;;;1294,587   ;5132,551   ;22419,708   ;109767,467   ;;;;;;;;;;;;;;;;;;;;;;;;;;;;;;;;;;;;;;;;;;;;;;;;;;;;;;;;;;;;;;;;;;;;;;;;;;;;;;;;;;;;;;;;;;;;;;;;;;;;;;;;;;;;;;;;;;;;;;;;;;;;;;;;;;;;;;;;;;;;;;;;;;;;;;;;;;;;;;;;;;;;;;;;;;;;;;;;;
52;75;"Public administration and defence services; compulsory social security services";108,813   ;14,463   ;,083   ;98,513   ;;;30,481   ;;306,702   ;6,287   ;24,790   ;47,490   ;11,579   ;49,092   ;36,962   ;96,575   ;22,212   ;117,809   ;107,027   ;79,935   ;61,841   ;88,605   ;111,826   ;8,187   ;75,889   ;39,934   ;34,552   ;82,701   ;41,531   ;90,495   ;11,610   ;336,389   ;20,770   ;123,476   ;342,137   ;745,941   ;543,107   ;125,272   ;315,225   ;;20,871   ;95,773   ;98,991   ;57,149   ;38,981   ;11,557   ;271,110   ;150,814   ;207,426   ;52,468   ;1033,056   ;309,670   ;118,945   ;124,248   ;69,522   ;16,064   ;137,263   ;33,877   ;,000   ;7206,086   ;1081,409   ;,000   ;65860,927   ;66942,336   ;281,636   ;,000   ;,000   ;,000   ;281,636   ;,000   ;;;,000   ;,000   ;67223,972   ;74430,058   ;;;;;;;;;;;;;;;;;;;;;;;;;;;;;;;;;;;;;;;;;;;;;;;;;;;;;;;;;;;;;;;;;;;;;;;;;;;;;;;;;;;;;;;;;;;;;;;;;;;;;;;;;;;;;;;;;;;;;;;;;;;;;;;;;;;;;;;;;;;;;;;;;;;;;;;;;;;;;;;;;;;;;;;;;;;;;;;;;
53;80;Education services;4,328   ;4,761   ;,077   ;2,499   ;;;3,590   ;;38,955   ;1,801   ;2,475   ;1,483   ;,457   ;2,803   ;12,030   ;13,821   ;,383   ;43,549   ;10,500   ;12,244   ;4,141   ;13,475   ;28,900   ;14,349   ;15,728   ;16,642   ;16,570   ;36,524   ;6,687   ;12,417   ;1,454   ;26,886   ;1,071   ;42,089   ;18,039   ;157,486   ;65,012   ;5,216   ;25,946   ;;,304   ;27,462   ;16,517   ;12,520   ;95,141   ;17,791   ;39,282   ;7,307   ;85,743   ;15,589   ;143,072   ;28,682   ;903,595   ;26,119   ;6,822   ;6,504   ;8,682   ;,965   ;,000   ;2106,485   ;9165,761   ;2404,548   ;44266,060   ;55836,369   ;,000   ;,000   ;-,328   ;-,328   ;-,328   ;24,320   ;;;6,080   ;30,400   ;55866,441   ;57972,926   ;;;;;;;;;;;;;;;;;;;;;;;;;;;;;;;;;;;;;;;;;;;;;;;;;;;;;;;;;;;;;;;;;;;;;;;;;;;;;;;;;;;;;;;;;;;;;;;;;;;;;;;;;;;;;;;;;;;;;;;;;;;;;;;;;;;;;;;;;;;;;;;;;;;;;;;;;;;;;;;;;;;;;;;;;;;;;;;;;
54;85;Health and social work services;616,372   ;1,781   ;,541   ;4,366   ;;;4,155   ;;162,772   ;1,643   ;4,273   ;4,958   ;,758   ;6,513   ;3,096   ;10,454   ;1,695   ;12,369   ;5,906   ;10,686   ;18,280   ;15,600   ;23,425   ;2,741   ;9,582   ;5,545   ;9,961   ;13,422   ;5,029   ;6,654   ;,633   ;44,227   ;1,457   ;49,636   ;16,391   ;46,305   ;57,881   ;6,879   ;28,151   ;;1,140   ;8,803   ;12,131   ;4,611   ;,000   ;6,627   ;21,769   ;1,458   ;9,443   ;37,895   ;97,806   ;212,106   ;16,266   ;3624,930   ;12,097   ;11,944   ;13,799   ;1,139   ;,000   ;5308,101   ;8367,449   ;2259,524   ;35006,799   ;45633,772   ;,000   ;,000   ;,395   ;,395   ;,395   ;54,720   ;;;36,480   ;91,200   ;45725,367   ;51033,468   ;;;;;;;;;;;;;;;;;;;;;;;;;;;;;;;;;;;;;;;;;;;;;;;;;;;;;;;;;;;;;;;;;;;;;;;;;;;;;;;;;;;;;;;;;;;;;;;;;;;;;;;;;;;;;;;;;;;;;;;;;;;;;;;;;;;;;;;;;;;;;;;;;;;;;;;;;;;;;;;;;;;;;;;;;;;;;;;;;
55;90;Sewage and refuse disposal services, sanitation and similar services;64,333   ;9,566   ;,289   ;90,352   ;;;17,797   ;;489,591   ;19,698   ;53,489   ;11,972   ;9,268   ;14,492   ;53,637   ;21,671   ;28,959   ;152,363   ;38,862   ;65,043   ;95,866   ;49,582   ;75,378   ;2,595   ;64,900   ;11,062   ;9,894   ;73,608   ;27,390   ;39,713   ;23,296   ;360,890   ;201,911   ;212,153   ;73,750   ;363,482   ;224,477   ;60,729   ;403,353   ;;7,135   ;68,926   ;81,671   ;1,099   ;,000   ;1,866   ;3097,933   ;84,618   ;9,243   ;19,162   ;173,729   ;256,990   ;27,522   ;120,128   ;1261,156   ;41,041   ;28,904   ;84,784   ;,000   ;8881,318   ;1694,340   ;,000   ;2751,439   ;4445,779   ;,000   ;,000   ;-1,280   ;-1,280   ;-1,280   ;,172   ;;;,000   ;,172   ;4444,671   ;13325,989   ;;;;;;;;;;;;;;;;;;;;;;;;;;;;;;;;;;;;;;;;;;;;;;;;;;;;;;;;;;;;;;;;;;;;;;;;;;;;;;;;;;;;;;;;;;;;;;;;;;;;;;;;;;;;;;;;;;;;;;;;;;;;;;;;;;;;;;;;;;;;;;;;;;;;;;;;;;;;;;;;;;;;;;;;;;;;;;;;;
56;91;Membership organisation services n.e.c.;,908   ;,003   ;,137   ;,006   ;;;6,133   ;;5,761   ;,225   ;,795   ;,188   ;,246   ;,801   ;33,004   ;4,444   ;,061   ;,228   ;,862   ;16,560   ;,607   ;,681   ;,674   ;,000   ;,167   ;,197   ;,284   ;,788   ;,350   ;,486   ;,059   ;49,578   ;,891   ;4,658   ;,907   ;18,266   ;15,249   ;1,591   ;2,841   ;;,023   ;2,174   ;,221   ;,265   ;12,188   ;1,721   ;4,883   ;,191   ;1,373   ;,509   ;8,923   ;2,248   ;6,346   ;4,411   ;1,329   ;,115   ;7,534   ;,001   ;,000   ;223,091   ;1362,113   ;1786,082   ;,000   ;3148,195   ;,000   ;,000   ;,000   ;,000   ;,000   ;,000   ;;;,000   ;,000   ;3148,195   ;3371,286   ;;;;;;;;;;;;;;;;;;;;;;;;;;;;;;;;;;;;;;;;;;;;;;;;;;;;;;;;;;;;;;;;;;;;;;;;;;;;;;;;;;;;;;;;;;;;;;;;;;;;;;;;;;;;;;;;;;;;;;;;;;;;;;;;;;;;;;;;;;;;;;;;;;;;;;;;;;;;;;;;;;;;;;;;;;;;;;;;;
57;92;Recreational, cultural and sporting services;,330   ;1,283   ;,000   ;1,040   ;;;,357   ;;210,900   ;4,294   ;,295   ;1,980   ;,012   ;1,889   ;1,807   ;67,566   ;,063   ;131,610   ;9,686   ;7,179   ;5,737   ;2,967   ;15,418   ;,018   ;,254   ;,782   ;,134   ;11,199   ;,383   ;1,020   ;,000   ;3,603   ;,131   ;3,564   ;20,432   ;15,873   ;33,488   ;10,818   ;3,074   ;;,016   ;85,052   ;114,083   ;4,616   ;,000   ;,177   ;26,289   ;18,633   ;2,312   ;,500   ;3385,654   ;197,211   ;18,564   ;4,892   ;,388   ;12,119   ;1241,340   ;1,148   ;,000   ;5682,180   ;6464,473   ;4535,377   ;4801,528   ;15801,378   ;1567,147   ;265,100   ;36,247   ;301,347   ;1868,494   ;662,137   ;;;193,513   ;855,650   ;18525,522   ;24207,702   ;;;;;;;;;;;;;;;;;;;;;;;;;;;;;;;;;;;;;;;;;;;;;;;;;;;;;;;;;;;;;;;;;;;;;;;;;;;;;;;;;;;;;;;;;;;;;;;;;;;;;;;;;;;;;;;;;;;;;;;;;;;;;;;;;;;;;;;;;;;;;;;;;;;;;;;;;;;;;;;;;;;;;;;;;;;;;;;;;
58;93;Other services;14,807   ;7,418   ;,795   ;139,092   ;;;21,899   ;;224,405   ;25,037   ;16,100   ;40,869   ;4,513   ;21,535   ;15,826   ;89,491   ;20,542   ;36,928   ;46,419   ;59,924   ;30,470   ;103,620   ;63,376   ;,097   ;34,558   ;17,092   ;14,500   ;53,147   ;16,082   ;31,352   ;8,509   ;76,552   ;7,419   ;102,055   ;44,025   ;240,071   ;68,033   ;149,685   ;31,278   ;;,552   ;31,065   ;19,717   ;5,658   ;,000   ;54,810   ;61,018   ;3,316   ;14,466   ;14,302   ;251,656   ;8,536   ;32,139   ;357,555   ;45,442   ;,391   ;111,012   ;117,798   ;62,475   ;3069,429   ;4349,888   ;,000   ;34,214   ;4384,102   ;,000   ;,000   ;-,010   ;-,010   ;-,010   ;,689   ;;;,173   ;,862   ;4384,954   ;7454,383   ;;;;;;;;;;;;;;;;;;;;;;;;;;;;;;;;;;;;;;;;;;;;;;;;;;;;;;;;;;;;;;;;;;;;;;;;;;;;;;;;;;;;;;;;;;;;;;;;;;;;;;;;;;;;;;;;;;;;;;;;;;;;;;;;;;;;;;;;;;;;;;;;;;;;;;;;;;;;;;;;;;;;;;;;;;;;;;;;;
59;95;Private households with employed persons;,000   ;,000   ;,000   ;,000   ;;;,000   ;;,000   ;,000   ;,000   ;,000   ;,000   ;,000   ;,000   ;,000   ;,000   ;,000   ;,000   ;,000   ;,000   ;,000   ;,000   ;,000   ;,000   ;,000   ;,000   ;,000   ;,000   ;,000   ;,000   ;,000   ;,000   ;,000   ;,000   ;,000   ;,000   ;,000   ;,000   ;;,000   ;,000   ;,000   ;,000   ;,000   ;,000   ;,000   ;,000   ;,000   ;,000   ;,000   ;,000   ;,000   ;,000   ;,000   ;,000   ;,000   ;,000   ;,000   ;,000   ;6044,157   ;,000   ;,000   ;6044,157   ;,000   ;,000   ;,000   ;,000   ;,000   ;,000   ;;;,000   ;,000   ;6044,157   ;6044,157   ;;;;;;;;;;;;;;;;;;;;;;;;;;;;;;;;;;;;;;;;;;;;;;;;;;;;;;;;;;;;;;;;;;;;;;;;;;;;;;;;;;;;;;;;;;;;;;;;;;;;;;;;;;;;;;;;;;;;;;;;;;;;;;;;;;;;;;;;;;;;;;;;;;;;;;;;;;;;;;;;;;;;;;;;;;;;;;;;;
60;;Total;42093,987   ;3201,633   ;184,853   ;7356,393   ;;;2918,702   ;;104549,320   ;2182,937   ;6518,254   ;6346,995   ;2149,359   ;14642,092   ;12820,252   ;13038,706   ;28027,571   ;30971,378   ;24175,098   ;18229,499   ;26858,188   ;29795,151   ;29005,248   ;2015,258   ;16831,472   ;10853,454   ;3736,245   ;50331,659   ;8881,930   ;20883,761   ;1594,828   ;39696,623   ;1548,282   ;94863,564   ;16086,591   ;55799,241   ;40349,837   ;11168,097   ;41159,255   ;;3779,952   ;17986,185   ;22797,808   ;12668,077   ;6612,915   ;4470,448   ;38932,156   ;4359,598   ;6241,893   ;2607,378   ;50993,996   ;16689,334   ;9375,404   ;15936,318   ;6151,557   ;1579,093   ;10597,977   ;1729,998   ;990,358   ;1055366,158   ;540891,587   ;12293,272   ;176762,070   ;729946,929   ;169289,771   ;285,680   ;10748,811   ;11034,491   ;180324,262   ;269354,438   ;;;77715,629   ;347070,067   ;1257341,258   ;2312707,416   ;;;;;;;;;;;;;;;;;;;;;;;;;;;;;;;;;;;;;;;;;;;;;;;;;;;;;;;;;;;;;;;;;;;;;;;;;;;;;;;;;;;;;;;;;;;;;;;;;;;;;;;;;;;;;;;;;;;;;;;;;;;;;;;;;;;;;;;;;;;;;;;;;;;;;;;;;;;;;;;;;;;;;;;;;;;;;;;;;
61;;Taxes less subsidies on products;2230,140   ;41,179   ;8,271   ;96,447   ;;;99,047   ;;433,939   ;154,231   ;45,047   ;46,706   ;11,720   ;79,894   ;77,375   ;36,309   ;524,447   ;725,818   ;221,788   ;268,783   ;158,807   ;115,841   ;127,556   ;5,022   ;87,566   ;40,175   ;15,601   ;133,797   ;37,144   ;115,942   ;25,182   ;199,729   ;45,572   ;1107,755   ;248,918   ;1299,584   ;686,463   ;1446,031   ;5109,273   ;;131,553   ;344,805   ;296,131   ;952,276   ;1180,411   ;258,188   ;4248,194   ;46,266   ;22,297   ;302,790   ;344,568   ;2866,025   ;1549,346   ;1910,694   ;508,224   ;178,517   ;909,179   ;28,192   ;1,634   ;32186,389   ;71823,276   ;74,097   ;400,491   ;72297,864   ;9890,241   ;,020   ;429,853   ;429,873   ;10320,114   ;1649,498   ;;;518,938   ;2168,436   ;84786,414   ;116972,803   ;;;;;;;;;;;;;;;;;;;;;;;;;;;;;;;;;;;;;;;;;;;;;;;;;;;;;;;;;;;;;;;;;;;;;;;;;;;;;;;;;;;;;;;;;;;;;;;;;;;;;;;;;;;;;;;;;;;;;;;;;;;;;;;;;;;;;;;;;;;;;;;;;;;;;;;;;;;;;;;;;;;;;;;;;;;;;;;;;
62;;Total intermediate consumption/Final use at purchasers' prices;44324,127   ;3242,812   ;193,124   ;7452,840   ;;;3017,749   ;;104983,259   ;2337,168   ;6563,301   ;6393,701   ;2161,079   ;14721,986   ;12897,627   ;13075,015   ;28552,018   ;31697,196   ;24396,886   ;18498,282   ;27016,995   ;29910,992   ;29132,804   ;2020,280   ;16919,038   ;10893,629   ;3751,846   ;50465,456   ;8919,074   ;20999,703   ;1620,010   ;39896,352   ;1593,854   ;95971,319   ;16335,509   ;57098,825   ;41036,300   ;12614,128   ;46268,528   ;;3911,505   ;18330,990   ;23093,939   ;13620,353   ;7793,326   ;4728,636   ;43180,350   ;4405,864   ;6264,190   ;2910,168   ;51338,564   ;19555,359   ;10924,750   ;17847,012   ;6659,781   ;1757,610   ;11507,156   ;1758,190   ;991,992   ;1087552,547   ;612714,863   ;12367,369   ;177162,561   ;802244,793   ;179180,012   ;285,700   ;11178,664   ;11464,364   ;190644,376   ;271003,936   ;;;78234,567   ;349238,503   ;1342127,672   ;2429680,219   ;;;;;;;;;;;;;;;;;;;;;;;;;;;;;;;;;;;;;;;;;;;;;;;;;;;;;;;;;;;;;;;;;;;;;;;;;;;;;;;;;;;;;;;;;;;;;;;;;;;;;;;;;;;;;;;;;;;;;;;;;;;;;;;;;;;;;;;;;;;;;;;;;;;;;;;;;;;;;;;;;;;;;;;;;;;;;;;;;
63;;Compensation of employees 5);5681,572   ;1779,325   ;111,627   ;9652,617   ;;;1882,840   ;;13032,464   ;423,997   ;1805,581   ;3124,925   ;681,427   ;2527,350   ;1740,420   ;3809,147   ;845,075   ;4612,477   ;4085,640   ;4347,302   ;3486,926   ;7620,312   ;7605,858   ;506,054   ;3378,502   ;1215,819   ;1526,179   ;4258,064   ;2707,359   ;4287,935   ;244,870   ;8262,687   ;1360,642   ;19982,673   ;4779,113   ;18124,660   ;17658,287   ;5063,501   ;12913,521   ;;594,060   ;3418,254   ;8019,804   ;9570,258   ;1268,230   ;2197,940   ;6057,130   ;1072,033   ;3806,251   ;2392,487   ;17289,446   ;38342,688   ;41866,608   ;19373,369   ;2988,881   ;550,861   ;6112,429   ;1592,557   ;543,392   ;352183,426   ;;;;;;;;;;;;;;;;;;;;;;;;;;;;;;;;;;;;;;;;;;;;;;;;;;;;;;;;;;;;;;;;;;;;;;;;;;;;;;;;;;;;;;;;;;;;;;;;;;;;;;;;;;;;;;;;;;;;;;;;;;;;;;;;;;;;;;;;;;;;;;;;;;;;;;;;;;;;;;;;;;;;;;;;;;;;;;;;;;;;;;;;;;;;;;;;;
64;;  Wages and salaries 4) 5);5108,808   ;1505,851   ;94,901   ;8086,977   ;;;1606,966   ;;11087,562   ;368,607   ;1535,820   ;2675,048   ;581,723   ;2103,737   ;1490,472   ;3289,741   ;707,326   ;3968,013   ;3465,100   ;3688,514   ;2968,596   ;6472,821   ;6375,586   ;427,326   ;2874,515   ;1039,779   ;1274,634   ;3602,898   ;2308,561   ;3599,277   ;206,748   ;7029,521   ;1120,298   ;17231,505   ;4384,344   ;15750,644   ;15409,266   ;4501,305   ;11220,318   ;;527,509   ;3025,690   ;6953,837   ;8453,609   ;1065,313   ;1946,428   ;5213,041   ;944,464   ;3394,895   ;2045,845   ;15477,264   ;33342,196   ;35664,274   ;16167,244   ;2546,196   ;431,965   ;5363,447   ;1484,623   ;543,392   ;303754,340   ;;;;;;;;;;;;;;;;;;;;;;;;;;;;;;;;;;;;;;;;;;;;;;;;;;;;;;;;;;;;;;;;;;;;;;;;;;;;;;;;;;;;;;;;;;;;;;;;;;;;;;;;;;;;;;;;;;;;;;;;;;;;;;;;;;;;;;;;;;;;;;;;;;;;;;;;;;;;;;;;;;;;;;;;;;;;;;;;;;;;;;;;;;;;;;;;;
65;;Other net taxes on production 5);-3373,027   ;174,654   ;8,027   ;-122,747   ;;;257,468   ;;399,367   ;18,727   ;47,004   ;11,129   ;6,757   ;146,623   ;51,694   ;78,516   ;72,698   ;272,200   ;77,518   ;267,460   ;190,414   ;147,336   ;273,991   ;17,202   ;43,521   ;34,493   ;37,700   ;186,500   ;58,263   ;113,937   ;8,925   ;815,553   ;312,789   ;859,817   ;147,826   ;748,754   ;800,981   ;475,885   ;-49,626   ;;68,228   ;184,134   ;589,729   ;598,971   ;31,810   ;184,721   ;893,728   ;109,079   ;66,660   ;-27,433   ;138,898   ;404,686   ;123,367   ;499,960   ;415,410   ;147,417   ;705,697   ;45,972   ;,000   ;8799,363   ;;;;;;;;;;;;;;;;;;;;;;;;;;;;;;;;;;;;;;;;;;;;;;;;;;;;;;;;;;;;;;;;;;;;;;;;;;;;;;;;;;;;;;;;;;;;;;;;;;;;;;;;;;;;;;;;;;;;;;;;;;;;;;;;;;;;;;;;;;;;;;;;;;;;;;;;;;;;;;;;;;;;;;;;;;;;;;;;;;;;;;;;;;;;;;;;;
66;;Consumption of fixed capital 5);8657,101   ;348,310   ;27,931   ;2653,186   ;;;1085,558   ;;5506,722   ;250,076   ;763,530   ;363,985   ;130,221   ;922,698   ;1226,797   ;837,624   ;1132,094   ;2631,176   ;1670,373   ;2344,137   ;2324,918   ;1669,580   ;1620,802   ;21,878   ;948,230   ;307,744   ;228,916   ;2484,547   ;608,026   ;802,045   ;59,121   ;16098,271   ;1710,903   ;3243,036   ;992,329   ;3461,330   ;3230,703   ;680,201   ;7318,438   ;;345,280   ;1447,525   ;6568,052   ;3397,640   ;556,573   ;607,201   ;12335,719   ;1171,955   ;351,107   ;521,099   ;2177,536   ;11240,217   ;2285,399   ;2072,805   ;1883,434   ;33,032   ;1393,603   ;185,102   ;,000   ;126935,816   ;;;;;;;;;;;;;;;;;;;;;;;;;;;;;;;;;;;;;;;;;;;;;;;;;;;;;;;;;;;;;;;;;;;;;;;;;;;;;;;;;;;;;;;;;;;;;;;;;;;;;;;;;;;;;;;;;;;;;;;;;;;;;;;;;;;;;;;;;;;;;;;;;;;;;;;;;;;;;;;;;;;;;;;;;;;;;;;;;;;;;;;;;;;;;;;;;
67;;Operating surplus, net 5);25365,584   ;185,799   ;23,481   ;2024,408   ;;;1475,316   ;;5965,936   ;470,999   ;566,289   ;751,191   ;240,485   ;2203,866   ;1520,553   ;3231,893   ;451,213   ;1904,921   ;4076,541   ;2981,606   ;3532,631   ;5411,868   ;4165,360   ;92,568   ;2175,717   ;244,039   ;1330,095   ;3696,042   ;-28,722   ;3003,288   ;216,454   ;-1594,643   ;-69,185   ;30772,212   ;27046,826   ;31380,261   ;48529,660   ;5190,590   ;10324,706   ;;-38,409   ;3814,715   ;8785,017   ;5451,652   ;6529,089   ;6188,956   ;43818,265   ;4565,562   ;5045,602   ;834,400   ;31669,260   ;4887,108   ;2669,602   ;11188,722   ;1378,477   ;882,366   ;3499,330   ;3872,549   ;4508,773   ;378410,884   ;;;;;;;;;;;;;;;;;;;;;;;;;;;;;;;;;;;;;;;;;;;;;;;;;;;;;;;;;;;;;;;;;;;;;;;;;;;;;;;;;;;;;;;;;;;;;;;;;;;;;;;;;;;;;;;;;;;;;;;;;;;;;;;;;;;;;;;;;;;;;;;;;;;;;;;;;;;;;;;;;;;;;;;;;;;;;;;;;;;;;;;;;;;;;;;;;
68;;Operating surplus, gross 5);34022,685   ;534,109   ;51,412   ;4677,594   ;;;2560,874   ;;11472,658   ;721,075   ;1329,819   ;1115,176   ;370,706   ;3126,564   ;2747,350   ;4069,517   ;1583,307   ;4536,097   ;5746,914   ;5325,743   ;5857,549   ;7081,448   ;5786,162   ;114,446   ;3123,947   ;551,783   ;1559,011   ;6180,589   ;579,304   ;3805,333   ;275,575   ;14503,628   ;1641,718   ;34015,248   ;28039,155   ;34841,591   ;51760,363   ;5870,791   ;17643,144   ;;306,871   ;5262,240   ;15353,069   ;8849,292   ;7085,662   ;6796,157   ;56153,984   ;5737,517   ;5396,709   ;1355,499   ;33846,796   ;16127,325   ;4955,001   ;13261,527   ;3261,911   ;915,398   ;4892,933   ;4057,651   ;4508,773   ;505346,700   ;;;;;;;;;;;;;;;;;;;;;;;;;;;;;;;;;;;;;;;;;;;;;;;;;;;;;;;;;;;;;;;;;;;;;;;;;;;;;;;;;;;;;;;;;;;;;;;;;;;;;;;;;;;;;;;;;;;;;;;;;;;;;;;;;;;;;;;;;;;;;;;;;;;;;;;;;;;;;;;;;;;;;;;;;;;;;;;;;;;;;;;;;;;;;;;;;
69;;  Mixed income, gross 4) 5);;;;;;;;;;;;;;;;;;;;;;;;;;;;;;;;;;;;;;;;;;;;;;;;;;;;;;;;;;;;;;;;;;;;;;;;;;;;;;;;;;;;;;;;;;;;;;;;;;;;;;;;;;;;;;;;;;;;;;;;;;;;;;;;;;;;;;;;;;;;;;;;;;;;;;;;;;;;;;;;;;;;;;;;;;;;;;;;;;;;;;;;;;;;;;;;;;;;;;;;;;;;;;;;;;;;;;;;;;;;;;;;;;;;;;;;;;;;;;;;;;;;;;;;;;;;;
70;;Value added at basic prices;36331,230   ;2488,088   ;171,066   ;14207,464   ;;;4701,182   ;;24904,489   ;1163,799   ;3182,404   ;4251,230   ;1058,890   ;5800,537   ;4539,464   ;7957,180   ;2501,080   ;9420,774   ;9910,072   ;9940,505   ;9534,889   ;14849,096   ;13666,011   ;637,702   ;6545,970   ;1802,095   ;3122,890   ;10625,153   ;3344,926   ;8207,205   ;529,370   ;23581,868   ;3315,149   ;54857,738   ;32966,094   ;53715,005   ;70219,631   ;11410,177   ;30507,039   ;;969,159   ;8864,628   ;23962,602   ;19018,521   ;8385,702   ;9178,818   ;63104,842   ;6918,629   ;9269,620   ;3720,553   ;51275,140   ;54874,699   ;46944,976   ;33134,856   ;6666,202   ;1613,676   ;11711,059   ;5696,180   ;5052,165   ;866329,489   ;;;;;;;;;;;;;;;;;;;;;;;;;;;;;;;;;;;;;;;;;;;;;;;;;;;;;;;;;;;;;;;;;;;;;;;;;;;;;;;;;;;;;;;;;;;;;;;;;;;;;;;;;;;;;;;;;;;;;;;;;;;;;;;;;;;;;;;;;;;;;;;;;;;;;;;;;;;;;;;;;;;;;;;;;;;;;;;;;;;;;;;;;;;;;;;;;
71;;Output at basic prices;80655,357   ;5730,900   ;364,190   ;21660,304   ;;;7718,931   ;;129887,748   ;3500,967   ;9745,705   ;10644,931   ;3219,969   ;20522,523   ;17437,091   ;21032,195   ;31053,098   ;41117,970   ;34306,958   ;28438,787   ;36551,884   ;44760,088   ;42798,815   ;2657,982   ;23465,008   ;12695,724   ;6874,736   ;61090,609   ;12264,000   ;29206,908   ;2149,380   ;63478,220   ;4909,003   ;150829,057   ;49301,603   ;110813,830   ;111255,931   ;24024,305   ;76775,567   ;;4880,664   ;27195,618   ;47056,541   ;32638,874   ;16179,028   ;13907,454   ;106285,192   ;11324,493   ;15533,810   ;6630,721   ;102613,704   ;74430,058   ;57869,726   ;50981,868   ;13325,983   ;3371,286   ;23218,215   ;7454,370   ;6044,157   ;1953882,036   ;;;;;;;;;;;;;;;;;;;;;;;;;;;;;;;;;;;;;;;;;;;;;;;;;;;;;;;;;;;;;;;;;;;;;;;;;;;;;;;;;;;;;;;;;;;;;;;;;;;;;;;;;;;;;;;;;;;;;;;;;;;;;;;;;;;;;;;;;;;;;;;;;;;;;;;;;;;;;;;;;;;;;;;;;;;;;;;;;;;;;;;;;;;;;;;;;
72;;Imports CIF intra EU 2) 3);3925,567   ;315,642   ;105,633   ;211,294   ;;;879,543   ;;10272,603   ;199,663   ;8999,233   ;1402,719   ;2215,483   ;2321,868   ;8319,676   ;1074,835   ;6389,246   ;34808,417   ;13282,797   ;3996,093   ;18033,978   ;11075,230   ;30202,383   ;3320,521   ;9536,578   ;7456,269   ;4079,870   ;28568,322   ;1635,119   ;3696,144   ;,000   ;144,406   ;,000   ;1355,933   ;3,960   ;150,737   ;100,595   ;1,980   ;2483,513   ;;1779,157   ;489,453   ;898,940   ;1253,980   ;868,000   ;43,260   ;356,079   ;380,786   ;2103,495   ;224,703   ;4650,130   ;,000   ;61,920   ;30,960   ;,006   ;,000   ;671,095   ;,013   ;,000   ;234377,827   ;;;;;;;;;;;;;;;;;;;;;;;;;;;;;;;;;;;;;;;;;;;;;;;;;;;;;;;;;;;;;;;;;;;;;;;;;;;;;;;;;;;;;;;;;;;;;;;;;;;;;;;;;;;;;;;;;;;;;;;;;;;;;;;;;;;;;;;;;;;;;;;;;;;;;;;;;;;;;;;;;;;;;;;;;;;;;;;;;;;;;;;;;;;;;;;;;
73;; Imports CIF from members of the euro area 2) 3);;;;;;;;;;;;;;;;;;;;;;;;;;;;;;;;;;;;;;;;;;;;;;;;;;;;;;;;;;;;;;;;;;;;;;;;;;;;;;;;;;;;;;;;;;;;;;;;;;;;;;;;;;;;;;;;;;;;;;;;;;;;;;;;;;;;;;;;;;;;;;;;;;;;;;;;;;;;;;;;;;;;;;;;;;;;;;;;;;;;;;;;;;;;;;;;;;;;;;;;;;;;;;;;;;;;;;;;;;;;;;;;;;;;;;;;;;;;;;;;;;;;;;;;;;;;;
74;; Imports CIF from non-members of the euro area 2) 3);;;;;;;;;;;;;;;;;;;;;;;;;;;;;;;;;;;;;;;;;;;;;;;;;;;;;;;;;;;;;;;;;;;;;;;;;;;;;;;;;;;;;;;;;;;;;;;;;;;;;;;;;;;;;;;;;;;;;;;;;;;;;;;;;;;;;;;;;;;;;;;;;;;;;;;;;;;;;;;;;;;;;;;;;;;;;;;;;;;;;;;;;;;;;;;;;;;;;;;;;;;;;;;;;;;;;;;;;;;;;;;;;;;;;;;;;;;;;;;;;;;;;;;;;;;;;
75;;Imports CIF extra EU 2) 3);3281,703   ;199,681   ;440,969   ;541,846   ;;;27834,443   ;;5119,074   ;45,210   ;3430,622   ;2398,583   ;1532,546   ;746,481   ;814,313   ;243,083   ;4310,720   ;8913,825   ;1900,556   ;1072,379   ;4694,893   ;2630,838   ;6812,826   ;5355,121   ;4412,570   ;11113,469   ;2545,642   ;5240,051   ;6244,272   ;2104,363   ;,000   ;147,323   ;,000   ;584,886   ;9,240   ;351,718   ;234,721   ;4,620   ;1604,352   ;;1663,083   ;144,363   ;385,260   ;537,420   ;372,000   ;18,540   ;152,605   ;163,194   ;1089,210   ;120,994   ;2503,633   ;,000   ;41,280   ;20,640   ;,000   ;,000   ;318,392   ;,000   ;,000   ;124447,553   ;;;;;;;;;;;;;;;;;;;;;;;;;;;;;;;;;;;;;;;;;;;;;;;;;;;;;;;;;;;;;;;;;;;;;;;;;;;;;;;;;;;;;;;;;;;;;;;;;;;;;;;;;;;;;;;;;;;;;;;;;;;;;;;;;;;;;;;;;;;;;;;;;;;;;;;;;;;;;;;;;;;;;;;;;;;;;;;;;;;;;;;;;;;;;;;;;
76;;Imports CIF;7207,270   ;515,323   ;546,602   ;753,140   ;;;28713,986   ;;15391,677   ;244,873   ;12429,855   ;3801,302   ;3748,029   ;3068,349   ;9133,989   ;1317,918   ;10699,966   ;43722,242   ;15183,353   ;5068,472   ;22728,871   ;13706,068   ;37015,209   ;8675,642   ;13949,148   ;18569,738   ;6625,512   ;33808,373   ;7879,391   ;5800,507   ;,000   ;291,729   ;,000   ;1940,819   ;13,200   ;502,455   ;335,316   ;6,600   ;4087,865   ;;3442,240   ;633,816   ;1284,200   ;1791,400   ;1240,000   ;61,800   ;508,684   ;543,980   ;3192,705   ;345,697   ;7153,763   ;,000   ;103,200   ;51,600   ;,006   ;,000   ;989,487   ;,013   ;,000   ;358825,380   ;;;;;;;;;;;;;;;;;;;;;;;;;;;;;;;;;;;;;;;;;;;;;;;;;;;;;;;;;;;;;;;;;;;;;;;;;;;;;;;;;;;;;;;;;;;;;;;;;;;;;;;;;;;;;;;;;;;;;;;;;;;;;;;;;;;;;;;;;;;;;;;;;;;;;;;;;;;;;;;;;;;;;;;;;;;;;;;;;;;;;;;;;;;;;;;;;
77;;Supply at basic prices;87862,627   ;6246,223   ;910,792   ;22413,444   ;;;36432,917   ;;145279,425   ;3745,840   ;22175,560   ;14446,233   ;6967,998   ;23590,872   ;26571,080   ;22350,113   ;41753,064   ;84840,212   ;49490,311   ;33507,259   ;59280,755   ;58466,156   ;79814,024   ;11333,624   ;37414,156   ;31265,462   ;13500,248   ;94898,982   ;20143,391   ;35007,415   ;2149,380   ;63769,949   ;4909,003   ;152769,876   ;49314,803   ;111316,285   ;111591,247   ;24030,905   ;80863,432   ;;8322,904   ;27829,434   ;48340,741   ;34430,274   ;17419,028   ;13969,254   ;106793,876   ;11868,473   ;18726,515   ;6976,418   ;109767,467   ;74430,058   ;57972,926   ;51033,468   ;13325,989   ;3371,286   ;24207,702   ;7454,383   ;6044,157   ;2312707,416   ;;;;;;;;;;;;;;;;;;;;;;;;;;;;;;;;;;;;;;;;;;;;;;;;;;;;;;;;;;;;;;;;;;;;;;;;;;;;;;;;;;;;;;;;;;;;;;;;;;;;;;;;;;;;;;;;;;;;;;;;;;;;;;;;;;;;;;;;;;;;;;;;;;;;;;;;;;;;;;;;;;;;;;;;;;;;;;;;;;;;;;;;;;;;;;;;;
;;;;;;;;;;;;;;;;;;;;;;;;;;;;;;;;;;;;;;;;;;;;;;;;;;;;;;;;;;;;;;;;;;;;;;;;;;;;;;;;;;;;;;;;;;;;;;;;;;;;;;;;;;;;;;;;;;;;;;;;;;;;;;;;;;;;;;;;;;;;;;;;;;;;;;;;;;;;;;;;;;;;;;;;;;;;;;;;;;;;;;;;;;;;;;;;;;;;;;;;;;;;;;;;;;;;;;;;;;;;;;;;;;;;;;;;;;;;;;;;;;;;;;;;;;;;;;;
1) This provision is voluntary. In case this column is filled, gross fixed capital formation figures must exclude changes in valuables.;;;;;;;;;;;;;;;;;;;;;;;;;;;;;;;;;;;;;;;;;;;;;;;;;;;;;;;;;;;;;;;;;;;;;;;;;;;;;;;;;;;;;;;;;;;;;;;;;;;;;;;;;;;;;;;;;;;;;;;;;;;;;;;;;;;;;;;;;;;;;;;;;;;;;;;;;;;;;;;;;;;;;;;;;;;;;;;;;;;;;;;;;;;;;;;;;;;;;;;;;;;;;;;;;;;;;;;;;;;;;;;;;;;;;;;;;;;;;;;;;;;;;;;;;;;;;;;
2) On a voluntary basis;;;;;;;;;;;;;;;;;;;;;;;;;;;;;;;;;;;;;;;;;;;;;;;;;;;;;;;;;;;;;;;;;;;;;;;;;;;;;;;;;;;;;;;;;;;;;;;;;;;;;;;;;;;;;;;;;;;;;;;;;;;;;;;;;;;;;;;;;;;;;;;;;;;;;;;;;;;;;;;;;;;;;;;;;;;;;;;;;;;;;;;;;;;;;;;;;;;;;;;;;;;;;;;;;;;;;;;;;;;;;;;;;;;;;;;;;;;;;;;;;;;;;;;;;;;;;;;
3) Breakdown: EU/EMU/Member States not members of the EMU/third countries. Composition of the EU and the EMU as at the end of the period reported in this table.;;;;;;;;;;;;;;;;;;;;;;;;;;;;;;;;;;;;;;;;;;;;;;;;;;;;;;;;;;;;;;;;;;;;;;;;;;;;;;;;;;;;;;;;;;;;;;;;;;;;;;;;;;;;;;;;;;;;;;;;;;;;;;;;;;;;;;;;;;;;;;;;;;;;;;;;;;;;;;;;;;;;;;;;;;;;;;;;;;;;;;;;;;;;;;;;;;;;;;;;;;;;;;;;;;;;;;;;;;;;;;;;;;;;;;;;;;;;;;;;;;;;;;;;;;;;;;;
4) of which;;;;;;;;;;;;;;;;;;;;;;;;;;;;;;;;;;;;;;;;;;;;;;;;;;;;;;;;;;;;;;;;;;;;;;;;;;;;;;;;;;;;;;;;;;;;;;;;;;;;;;;;;;;;;;;;;;;;;;;;;;;;;;;;;;;;;;;;;;;;;;;;;;;;;;;;;;;;;;;;;;;;;;;;;;;;;;;;;;;;;;;;;;;;;;;;;;;;;;;;;;;;;;;;;;;;;;;;;;;;;;;;;;;;;;;;;;;;;;;;;;;;;;;;;;;;;;;
5) To be supplied only at current prices;;;;;;;;;;;;;;;;;;;;;;;;;;;;;;;;;;;;;;;;;;;;;;;;;;;;;;;;;;;;;;;;;;;;;;;;;;;;;;;;;;;;;;;;;;;;;;;;;;;;;;;;;;;;;;;;;;;;;;;;;;;;;;;;;;;;;;;;;;;;;;;;;;;;;;;;;;;;;;;;;;;;;;;;;;;;;;;;;;;;;;;;;;;;;;;;;;;;;;;;;;;;;;;;;;;;;;;;;;;;;;;;;;;;;;;;;;;;;;;;;;;;;;;;;;;;;;;
;;;;;;;;;;;;;;;;;;;;;;;;;;;;;;;;;;;;;;;;;;;;;;;;;;;;;;;;;;;;;;;;;;;;;;;;;;;;;;;;;;;;;;;;;;;;;;;;;;;;;;;;;;;;;;;;;;;;;;;;;;;;;;;;;;;;;;;;;;;;;;;;;;;;;;;;;;;;;;;;;;;;;;;;;;;;;;;;;;;;;;;;;;;;;;;;;;;;;;;;;;;;;;;;;;;;;;;;;;;;;;;;;;;;;;;;;;;;;;;;;;;;;;;;;;;;;;;
;;;;;;;;;;;;;;;;;;;;;;;;;;;;;;;;;;;;;;;;;;;;;;;;;;;;;;;;;;;;;;;;;;;;;;;;;;;;;;;;;;;;;;;;;;;;;;;;;;;;;;;;;;;;;;;;;;;;;;;;;;;;;;;;;;;;;;;;;;;;;;;;;;;;;;;;;;;;;;;;;;;;;;;;;;;;;;;;;;;;;;;;;;;;;;;;;;;;;;;;;;;;;;;;;;;;;;;;;;;;;;;;;;;;;;;;;;;;;;;;;;;;;;;;;;;;;;;
;;;;;;;;;;;;;;;;;;;;;;;;;;;;;;;;;;;;;;;;;;;;;;;;;;;;;;;;;;;;;;;;;;;;;;;;;;;;;;;;;;;;;;;;;;;;;;;;;;;;;;;;;;;;;;;;;;;;;;;;;;;;;;;;;;;;;;;;;;;;;;;;;;;;;;;;;;;;;;;;;;;;;;;;;;;;;;;;;;;;;;;;;;;;;;;;;;;;;;;;;;;;;;;;;;;;;;;;;;;;;;;;;;;;;;;;;;;;;;;;;;;;;;;;;;;;;;;
;;;;;;;;;;;;;;;;;;;;;;;;;;;;;;;;;;;;;;;;;;;;;;;;;;;;;;;;;;;;;;;;;;;;;;;;;;;;;;;;;;;;;;;;;;;;;;;;;;;;;;;;;;;;;;;;;;;;;;;;;;;;;;;;;;;;;;;;;;;;;;;;;;;;;;;;;;;;;;;;;;;;;;;;;;;;;;;;;;;;;;;;;;;;;;;;;;;;;;;;;;;;;;;;;;;;;;;;;;;;;;;;;;;;;;;;;;;;;;;;;;;;;;;;;;;;;;;
;;;;;;;;;;;;;;;;;;;;;;;;;;;;;;;;;;;;;;;;;;;;;;;;;;;;;;;;;;;;;;;;;;;;;;;;;;;;;;;;;;;;;;;;;;;;;;;;;;;;;;;;;;;;;;;;;;;;;;;;;;;;;;;;;;;;;;;;;;;;;;;;;;;;;;;;;;;;;;;;;;;;;;;;;;;;;;;;;;;;;;;;;;;;;;;;;;;;;;;;;;;;;;;;;;;;;;;;;;;;;;;;;;;;;;;;;;;;;;;;;;;;;;;;;;;;;;;
;;;;;;;;;;;;;;;;;;;;;;;;;;;;;;;;;;;;;;;;;;;;;;;;;;;;;;;;;;;;;;;;;;;;;;;;;;;;;;;;;;;;;;;;;;;;;;;;;;;;;;;;;;;;;;;;;;;;;;;;;;;;;;;;;;;;;;;;;;;;;;;;;;;;;;;;;;;;;;;;;;;;;;;;;;;;;;;;;;;;;;;;;;;;;;;;;;;;;;;;;;;;;;;;;;;;;;;;;;;;;;;;;;;;;;;;;;;;;;;;;;;;;;;;;;;;;;;
;;;;;;;;;;;;;;;;;;;;;;;;;;;;;;;;;;;;;;;;;;;;;;;;;;;;;;;;;;;;;;;;;;;;;;;;;;;;;;;;;;;;;;;;;;;;;;;;;;;;;;;;;;;;;;;;;;;;;;;;;;;;;;;;;;;;;;;;;;;;;;;;;;;;;;;;;;;;;;;;;;;;;;;;;;;;;;;;;;;;;;;;;;;;;;;;;;;;;;;;;;;;;;;;;;;;;;;;;;;;;;;;;;;;;;;;;;;;;;;;;;;;;;;;;;;;;;;
;;;;;;;;;;;;;;;;;;;;;;;;;;;;;;;;;;;;;;;;;;;;;;;;;;;;;;;;;;;;;;;;;;;;;;;;;;;;;;;;;;;;;;;;;;;;;;;;;;;;;;;;;;;;;;;;;;;;;;;;;;;;;;;;;;;;;;;;;;;;;;;;;;;;;;;;;;;;;;;;;;;;;;;;;;;;;;;;;;;;;;;;;;;;;;;;;;;;;;;;;;;;;;;;;;;;;;;;;;;;;;;;;;;;;;;;;;;;;;;;;;;;;;;;;;;;;;;
;;;;;;;;;;;;;;;;;;;;;;;;;;;;;;;;;;;;;;;;;;;;;;;;;;;;;;;;;;;;;;;;;;;;;;;;;;;;;;;;;;;;;;;;;;;;;;;;;;;;;;;;;;;;;;;;;;;;;;;;;;;;;;;;;;;;;;;;;;;;;;;;;;;;;;;;;;;;;;;;;;;;;;;;;;;;;;;;;;;;;;;;;;;;;;;;;;;;;;;;;;;;;;;;;;;;;;;;;;;;;;;;;;;;;;;;;;;;;;;;;;;;;;;;;;;;;;;
;;;;;;;;;;;;;;;;;;;;;;;;;;;;;;;;;;;;;;;;;;;;;;;;;;;;;;;;;;;;;;;;;;;;;;;;;;;;;;;;;;;;;;;;;;;;;;;;;;;;;;;;;;;;;;;;;;;;;;;;;;;;;;;;;;;;;;;;;;;;;;;;;;;;;;;;;;;;;;;;;;;;;;;;;;;;;;;;;;;;;;;;;;;;;;;;;;;;;;;;;;;;;;;;;;;;;;;;;;;;;;;;;;;;;;;;;;;;;;;;;;;;;;;;;;;;;;;
;;;;;;;;;;;;;;;;;;;;;;;;;;;;;;;;;;;;;;;;;;;;;;;;;;;;;;;;;;;;;;;;;;;;;;;;;;;;;;;;;;;;;;;;;;;;;;;;;;;;;;;;;;;;;;;;;;;;;;;;;;;;;;;;;;;;;;;;;;;;;;;;;;;;;;;;;;;;;;;;;;;;;;;;;;;;;;;;;;;;;;;;;;;;;;;;;;;;;;;;;;;;;;;;;;;;;;;;;;;;;;;;;;;;;;;;;;;;;;;;;;;;;;;;;;;;;;;
;;;;;;;;;;;;;;;;;;;;;;;;;;;;;;;;;;;;;;;;;;;;;;;;;;;;;;;;;;;;;;;;;;;;;;;;;;;;;;;;;;;;;;;;;;;;;;;;;;;;;;;;;;;;;;;;;;;;;;;;;;;;;;;;;;;;;;;;;;;;;;;;;;;;;;;;;;;;;;;;;;;;;;;;;;;;;;;;;;;;;;;;;;;;;;;;;;;;;;;;;;;;;;;;;;;;;;;;;;;;;;;;;;;;;;;;;;;;;;;;;;;;;;;;;;;;;;;
;;;;;;;;;;;;;;;;;;;;;;;;;;;;;;;;;;;;;;;;;;;;;;;;;;;;;;;;;;;;;;;;;;;;;;;;;;;;;;;;;;;;;;;;;;;;;;;;;;;;;;;;;;;;;;;;;;;;;;;;;;;;;;;;;;;;;;;;;;;;;;;;;;;;;;;;;;;;;;;;;;;;;;;;;;;;;;;;;;;;;;;;;;;;;;;;;;;;;;;;;;;;;;;;;;;;;;;;;;;;;;;;;;;;;;;;;;;;;;;;;;;;;;;;;;;;;;;
;;;;;;;;;;;;;;;;;;;;;;;;;;;;;;;;;;;;;;;;;;;;;;;;;;;;;;;;;;;;;;;;;;;;;;;;;;;;;;;;;;;;;;;;;;;;;;;;;;;;;;;;;;;;;;;;;;;;;;;;;;;;;;;;;;;;;;;;;;;;;;;;;;;;;;;;;;;;;;;;;;;;;;;;;;;;;;;;;;;;;;;;;;;;;;;;;;;;;;;;;;;;;;;;;;;;;;;;;;;;;;;;;;;;;;;;;;;;;;;;;;;;;;;;;;;;;;;
;;;;;;;;;;;;;;;;;;;;;;;;;;;;;;;;;;;;;;;;;;;;;;;;;;;;;;;;;;;;;;;;;;;;;;;;;;;;;;;;;;;;;;;;;;;;;;;;;;;;;;;;;;;;;;;;;;;;;;;;;;;;;;;;;;;;;;;;;;;;;;;;;;;;;;;;;;;;;;;;;;;;;;;;;;;;;;;;;;;;;;;;;;;;;;;;;;;;;;;;;;;;;;;;;;;;;;;;;;;;;;;;;;;;;;;;;;;;;;;;;;;;;;;;;;;;;;;
