Input-Output Table for 2003;;;;;;;;;;;;;;;;;;;;;;;;;;;;;;;;;;;;;;;;;;;;;
in current prices;;;;;;;;;;;;;;;;;;;;;;;;;;;;;;;;;;;;;;;;;;;;;
(industry-by-industry);;;;AtB;C;15t16;17t18;19;20;21t22;23;24;25;26;27t28;29;30t33;34t35;36t37;E;F;50;51;52;H;60;61;62;63;64;J;70;71t74;L;M;N;O;P;;;;;;;
(millions of US$);;;;Agriculture, Hunting, Forestry and Fishing;Mining and Quarrying;Food, Beverages and Tobacco;Textiles and Textile Products;Leather, Leather and Footwear;Wood and Products of Wood and Cork;Pulp, Paper, Paper , Printing and Publishing;Coke, Refined Petroleum and Nuclear Fuel;Chemicals and Chemical Products;Rubber and Plastics;Other Non-Metallic Mineral;Basic Metals and Fabricated Metal;Machinery, Nec;Electrical and Optical Equipment;Transport Equipment;"Manufacturing, Nec; Recycling";Electricity, Gas and Water Supply;Construction;"Sale, Maintenance and Repair of Motor Vehicles and Motorcycles; Retail Sale of Fuel";Wholesale Trade and Commission Trade, Except of Motor Vehicles and Motorcycles;"Retail Trade, Except of Motor Vehicles and Motorcycles; Repair of Household Goods";Hotels and Restaurants;Inland Transport;Water Transport;Air Transport;"Other Supporting and Auxiliary Transport Activities; Activities of Travel Agencies";Post and Telecommunications;Financial Intermediation;Real Estate Activities;Renting of M&Eq and Other Business Activities;"Public Admin and Defence; Compulsory Social Security";Education;Health and Social Work;Other Community, Social and Personal Services;Private Households with Employed Persons;Final consumption expenditure by households;Final consumption expenditure by non-profit organisations serving households (NPISH);Final consumption expenditure by government;Gross fixed capital formation;Changes in inventories and valuables;Exports;Total output
;;;;POL;POL;POL;POL;POL;POL;POL;POL;POL;POL;POL;POL;POL;POL;POL;POL;POL;POL;POL;POL;POL;POL;POL;POL;POL;POL;POL;POL;POL;POL;POL;POL;POL;POL;POL;POL;POL;POL;POL;POL;POL;POL
;;;;c1;c2;c3;c4;c5;c6;c7;c8;c9;c10;c11;c12;c13;c14;c15;c16;c17;c18;c19;c20;c21;c22;c23;c24;c25;c26;c27;c28;c29;c30;c31;c32;c33;c34;c35;c37;c38;c39;c41;c42;c44;
AtB;Agriculture, Hunting, Forestry and Fishing;POL;c1;3624,46;10,13;6319,71;61,03;35,70;416,38;124,04;2,23;34,80;60,60;8,60;7,35;4,10;3,29;5,72;54,42;4,33;27,93;4,30;366,37;331,13;45,51;21,59;0,33;0,44;9,48;0,93;1,87;14,16;20,70;21,61;2,43;20,36;35,19;0,00;7496,45;1,56;136,75;61,99;-359,23;1180,09;20218,81
C;Mining and Quarrying;POL;c2;73,08;36,82;89,58;11,84;1,84;14,32;34,62;674,05;106,43;23,86;105,54;429,96;68,56;53,28;51,22;30,11;2214,02;93,13;10,03;30,27;22,75;5,04;24,15;0,48;0,66;7,89;3,15;4,81;105,50;18,05;7,90;3,84;5,46;17,64;0,00;796,72;2,04;33,55;49,70;46,22;1594,97;6903,04
15t16;Food, Beverages and Tobacco;POL;c3;1279,42;12,07;3878,93;34,22;34,78;9,46;19,57;12,00;109,73;18,01;11,87;27,28;12,77;18,28;24,92;50,88;28,82;51,78;22,18;780,94;939,35;613,11;26,81;3,47;4,72;58,10;13,44;42,86;56,57;75,69;52,35;48,34;68,22;176,91;0,00;14839,12;5,39;30,89;62,54;337,15;4204,63;28097,55
17t18;Textiles and Textile Products;POL;c4;10,43;4,51;28,73;12,05;1,22;4,45;30,04;2,35;9,72;7,84;5,57;13,18;5,00;7,01;12,13;8,11;6,50;17,65;5,20;14,18;13,58;2,85;7,09;0,47;0,64;2,21;2,85;5,33;8,20;11,17;25,69;2,41;3,80;12,27;0,00;244,70;0,39;7,45;22,93;12,69;4432,36;5024,93
19;Leather, Leather and Footwear;POL;c5;0,52;0,70;1,43;3,94;20,62;0,29;0,42;0,14;0,61;0,96;0,30;0,73;0,39;0,62;12,29;10,78;0,63;2,57;0,49;2,09;1,97;0,11;0,54;0,03;0,04;0,33;0,33;0,30;0,73;0,80;0,28;0,16;0,16;0,76;0,00;162,47;0,24;1,95;1,78;1,06;640,83;875,39
20;Wood and Products of Wood and Cork;POL;c6;40,54;17,08;28,55;6,09;2,35;438,43;43,04;2,46;15,17;16,38;29,26;36,39;13,49;29,75;24,09;469,33;7,90;387,17;11,32;61,80;60,41;4,18;29,32;5,64;7,67;9,40;10,15;5,98;57,39;25,74;9,47;6,42;3,16;38,22;0,00;250,15;0,10;2,23;28,01;6,44;2225,77;4466,46
21t22;Pulp, Paper, Paper , Printing and Publishing;POL;c7;23,31;10,40;265,08;32,25;4,57;53,41;1205,43;6,50;82,24;47,22;65,51;43,32;26,23;37,90;32,74;64,96;32,79;65,21;73,39;343,14;290,61;19,60;44,08;1,52;2,06;49,60;84,50;364,88;67,19;494,69;113,19;234,96;40,13;340,67;0,00;1630,94;0,58;12,36;69,27;38,70;1948,80;8363,90
23;Coke, Refined Petroleum and Nuclear Fuel;POL;c8;312,25;33,71;115,64;18,78;2,79;24,81;20,69;112,88;161,75;61,55;63,94;109,66;23,53;28,28;23,80;29,01;47,90;191,98;81,60;212,01;119,04;15,62;925,79;19,93;27,09;69,34;15,56;143,58;74,28;58,77;62,56;20,76;35,67;71,18;0,00;1496,72;2,04;46,17;20,65;43,44;1443,32;6388,04
24;Chemicals and Chemical Products;POL;c9;249,29;28,37;223,81;78,64;13,81;68,66;164,88;69,07;688,76;388,37;95,61;109,55;42,45;102,69;87,54;93,92;40,63;166,73;48,10;125,20;96,19;24,66;39,30;1,87;2,54;10,83;13,60;20,19;71,63;116,42;42,29;14,99;218,52;85,33;0,00;2413,62;2,15;443,54;79,74;76,21;3329,47;9989,14
25;Rubber and Plastics;POL;c10;27,83;45,60;219,07;38,65;12,93;30,64;46,24;4,99;165,69;578,29;48,43;96,55;83,35;218,18;216,90;132,10;21,34;1252,15;89,84;188,41;177,99;3,83;62,40;0,48;0,65;7,47;7,88;29,23;24,95;83,56;26,79;4,20;7,11;36,73;0,00;176,51;0,21;6,71;54,66;76,50;2966,40;7271,40
26;Other Non-Metallic Mineral;POL;c11;61,30;19,76;134,91;19,10;3,57;48,62;16,13;46,01;68,58;131,78;499,14;174,66;48,06;204,48;57,19;70,92;48,75;1359,34;35,35;148,67;133,29;20,14;36,03;0,65;0,89;9,09;13,10;23,81;150,71;109,83;11,88;9,12;16,18;147,22;0,00;914,78;0,20;8,74;57,12;7,70;1552,39;6419,17
27t28;Basic Metals and Fabricated Metal;POL;c12;113,60;137,45;193,55;15,52;2,71;88,04;20,11;18,05;65,89;134,26;69,40;1695,59;517,33;308,46;837,39;222,95;95,19;779,74;94,47;242,13;101,16;6,38;72,41;1,01;1,37;9,09;17,69;7,86;100,12;190,08;52,09;7,58;9,11;72,51;0,00;712,49;0,62;9,97;583,12;131,14;6458,47;14196,05
29;Machinery, Nec;POL;c13;128,84;150,27;88,08;18,05;2,68;24,36;33,12;30,85;60,91;33,02;38,14;189,43;260,05;40,24;166,74;25,26;57,77;227,40;61,05;94,62;107,80;6,14;32,06;2,25;3,06;8,66;13,84;6,09;41,82;60,88;58,08;8,03;11,50;25,28;0,00;652,44;3,06;15,72;458,50;61,61;3815,56;7123,23
30t33;Electrical and Optical Equipment;POL;c14;31,67;27,83;36,88;6,04;0,96;9,30;19,34;4,52;23,15;13,73;12,56;103,17;104,64;215,21;134,55;14,63;116,35;223,91;50,92;77,46;62,65;4,39;48,84;1,50;2,04;6,13;26,70;21,47;40,89;99,44;38,39;13,39;93,61;55,44;0,00;354,14;2,07;17,06;751,55;72,61;6696,83;9635,95
34t35;Transport Equipment;POL;c15;24,14;18,07;35,84;5,12;0,95;7,37;7,12;4,36;13,68;20,26;8,72;45,09;41,83;22,06;314,75;17,86;15,08;79,12;74,57;29,80;23,54;2,43;91,18;0,35;0,48;6,35;5,11;10,46;13,15;23,80;12,90;2,63;3,63;15,70;0,00;483,07;0,89;7,95;422,71;25,43;10383,51;12321,02
36t37;"Manufacturing, Nec; Recycling";POL;c16;11,59;12,11;28,36;5,99;1,39;24,61;10,43;10,25;16,40;18,18;56,03;211,61;39,47;35,08;30,26;195,83;19,34;53,79;20,57;32,93;26,16;8,24;19,67;0,27;0,37;8,84;9,37;10,09;63,75;26,33;15,42;21,59;13,65;111,30;0,00;445,03;1,09;13,46;372,52;3,09;4770,76;6775,19
E;Electricity, Gas and Water Supply;POL;c17;360,93;470,91;509,26;123,97;16,03;185,31;152,63;314,10;465,05;152,65;335,38;587,90;143,26;121,79;180,43;80,18;1085,38;269,42;108,15;268,20;503,52;120,86;408,44;3,31;4,50;59,13;76,86;56,75;3761,86;167,34;234,52;326,96;271,18;535,90;0,00;4084,54;0,83;256,00;124,11;15,33;742,15;17684,99
F;Construction;POL;c18;84,76;72,16;133,68;21,00;3,32;37,95;48,73;27,31;74,23;60,53;90,29;182,63;105,01;131,30;76,98;40,43;1085,12;3839,78;83,42;344,00;285,67;37,96;123,89;1,96;2,66;43,38;104,85;28,64;1764,91;661,79;583,78;57,71;68,43;242,57;0,00;3769,48;1,24;583,09;13060,00;-44,82;1691,86;29611,67
50;"Sale, Maintenance and Repair of Motor Vehicles and Motorcycles; Retail Sale of Fuel";POL;c19;336,60;49,75;692,99;122,05;20,86;81,59;110,73;86,86;177,15;143,13;89,25;210,70;102,75;164,37;329,12;150,18;135,00;464,67;1072,21;376,87;248,65;59,69;781,82;6,64;9,03;54,07;48,62;106,96;65,65;147,27;224,48;29,45;60,43;150,96;0,00;4410,10;3,13;73,34;706,75;151,91;104,01;12359,77
51;Wholesale Trade and Commission Trade, Except of Motor Vehicles and Motorcycles;POL;c20;1004,56;153,16;2046,20;339,45;62,55;224,89;368,37;233,18;542,83;432,38;264,79;678,56;314,38;497,57;869,67;451,85;460,69;1244,52;273,62;802,87;712,46;197,56;508,59;20,32;27,63;146,53;197,00;182,23;303,78;497,24;221,37;93,75;187,87;375,07;0,00;9531,91;12,29;329,84;2826,58;129,58;1916,59;29684,27
52;"Retail Trade, Except of Motor Vehicles and Motorcycles; Repair of Household Goods";POL;c21;871,10;114,98;1756,53;310,13;56,19;196,00;304,99;237,17;445,11;384,42;219,75;517,87;256,29;424,35;748,67;384,05;342,90;911,78;235,48;869,00;991,34;162,38;430,46;14,07;19,12;115,13;161,77;151,46;215,23;366,55;156,30;80,09;151,62;311,24;0,00;9408,40;12,53;249,97;1961,52;188,80;282,17;25016,88
H;Hotels and Restaurants;POL;c22;6,93;13,31;36,37;7,12;0,96;4,84;12,69;1,57;18,57;7,97;8,98;15,22;15,82;21,03;11,84;7,19;8,64;65,54;22,37;103,29;69,96;16,49;49,36;12,16;16,54;210,30;9,08;28,03;8,92;75,38;23,83;28,64;14,00;25,05;0,00;3195,70;7,10;104,65;9,15;-0,24;16,23;4310,57
60;Inland Transport;POL;c23;246,09;182,75;379,65;68,07;14,54;122,69;179,23;210,28;249,87;137,11;182,48;262,33;96,11;178,76;161,32;144,11;315,20;389,81;239,45;1087,26;456,91;33,22;827,35;16,39;22,29;731,56;52,82;46,95;117,84;213,26;125,42;61,98;49,14;135,75;0,00;4005,23;2,08;708,92;331,58;17,48;2800,64;15603,92
61;Water Transport;POL;c24;0,52;0,17;1,16;0,12;0,02;0,10;0,21;0,60;0,70;0,16;0,20;0,33;0,18;0,27;0,48;0,21;0,25;0,51;0,46;9,11;8,80;0,11;1,88;1,95;2,66;10,66;0,42;0,41;0,27;0,49;0,18;0,08;0,16;0,37;0,00;28,99;0,01;1,58;0,49;0,99;539,59;615,83
62;Air Transport;POL;c25;0,80;0,27;1,80;0,19;0,04;0,16;0,33;0,93;1,08;0,25;0,32;0,51;0,29;0,41;0,74;0,33;0,40;0,79;0,71;14,14;13,65;0,17;2,91;3,03;4,12;16,54;0,65;0,63;0,41;0,76;0,28;0,12;0,25;0,57;0,00;44,97;0,02;2,45;0,76;1,54;837,11;955,39
63;"Other Supporting and Auxiliary Transport Activities; Activities of Travel Agencies";POL;c26;22,92;12,12;50,98;3,18;0,68;5,37;10,06;32,39;36,41;6,28;11,80;15,16;7,75;11,88;19,33;8,45;12,86;24,80;17,63;546,49;516,27;4,41;117,01;117,31;159,49;647,08;4,94;66,21;9,18;19,78;7,06;2,79;4,03;8,84;0,00;1578,85;0,40;106,46;17,29;-8,24;1312,72;5548,41
64;Post and Telecommunications;POL;c27;34,99;12,47;120,53;29,95;5,00;29,94;77,36;8,07;125,62;32,00;31,54;110,62;58,82;60,31;87,27;66,75;115,95;142,58;384,75;452,81;270,46;21,24;225,66;7,72;10,49;244,65;602,18;564,59;208,11;382,41;168,58;52,87;140,11;349,25;0,00;4067,35;0,05;39,57;15,90;-2,48;383,10;9739,11
J;Financial Intermediation;POL;c28;128,44;69,76;251,93;44,45;8,97;35,53;77,72;37,68;70,26;69,53;62,26;134,45;68,28;71,85;90,78;59,84;144,63;275,15;195,12;442,38;254,60;22,95;220,12;46,28;62,93;65,98;144,81;1948,86;242,26;311,56;171,17;88,56;92,93;271,43;0,00;7311,71;0,00;9,32;0,03;-0,51;557,34;14161,32
70;Real Estate Activities;POL;c29;53,83;19,53;140,64;37,24;8,94;27,72;56,65;7,54;53,05;50,66;34,73;65,82;46,28;72,88;53,36;65,68;83,55;169,85;247,64;705,46;853,18;51,59;84,46;9,21;12,53;125,17;130,96;393,61;758,86;531,35;100,35;133,70;146,49;173,53;0,00;18681,01;91,97;676,42;109,41;-17,59;226,10;25273,34
71t74;Renting of M&Eq and Other Business Activities;POL;c30;116,57;204,91;725,67;175,90;16,29;84,36;739,81;117,61;486,87;171,28;178,69;407,34;353,71;462,73;563,31;178,05;875,11;687,97;568,02;1574,37;1224,61;66,89;349,47;37,36;50,79;152,30;1110,66;585,56;700,65;2684,71;405,27;230,97;183,43;560,12;0,00;1889,74;17,46;610,35;3067,96;-17,14;1677,56;24277,26
L;"Public Admin and Defence; Compulsory Social Security";POL;c31;37,24;37,98;84,16;21,59;2,89;10,21;35,75;10,62;34,21;32,99;22,26;39,62;28,40;42,98;28,20;30,07;103,54;33,84;117,33;172,53;192,86;27,34;81,34;2,80;3,81;29,58;24,46;52,51;82,22;313,28;97,85;32,35;33,97;90,22;0,00;459,81;0,18;13814,62;24,95;0,10;2,70;16293,32
M;Education;POL;c32;3,89;1,31;14,60;1,51;0,27;1,17;8,93;0,52;12,34;3,45;3,51;6,59;6,40;19,81;7,84;3,19;9,27;11,85;8,28;36,92;19,72;1,28;6,71;0,12;0,16;6,08;4,46;31,53;13,13;52,66;8,21;147,73;6,12;17,03;0,00;2265,47;396,58;8415,60;5,64;-1,51;15,93;11574,26
N;Health and Social Work;POL;c33;116,00;2,95;51,84;3,89;0,51;2,28;5,13;1,49;6,85;3,92;3,62;11,86;6,01;9,85;7,85;3,28;13,34;15,50;7,43;17,70;22,92;2,64;10,49;0,43;0,58;2,93;4,20;2,55;8,54;33,06;60,57;3,93;650,40;27,18;0,00;2221,49;349,68;8336,50;7,16;-0,22;32,11;12068,41
O;Other Community, Social and Personal Services;POL;c34;40,57;77,50;231,00;33,66;4,80;15,73;118,44;19,07;109,68;29,61;40,32;86,75;43,24;49,98;58,98;35,93;192,72;111,81;67,24;258,94;155,66;36,76;100,15;4,90;6,66;57,70;87,71;62,01;714,55;869,01;117,50;49,21;148,65;591,94;0,00;4246,37;1236,71;3054,12;641,01;54,51;345,00;14206,08
P;Private Households with Employed Persons;POL;c35;0,00;0,00;0,00;0,00;0,00;0,00;0,00;0,00;0,00;0,00;0,00;0,00;0,00;0,00;0,00;0,00;0,00;0,00;0,00;0,00;0,00;0,00;0,00;0,00;0,00;0,00;0,00;0,00;0,00;0,00;0,00;0,00;0,00;0,00;0,00;1131,34;0,00;0,00;0,00;0,00;0,00;1131,34
AtB;Agriculture, Hunting, Forestry and Fishing;Imports;c1;227,90;0,68;434,82;4,01;2,31;19,08;5,97;0,13;2,54;3,98;0,63;0,67;0,35;0,33;0,72;3,10;0,69;2,98;0,41;33,86;21,96;6,35;1,62;0,02;0,03;0,94;0,19;0,20;1,44;2,72;1,66;0,24;1,95;2,63;0,00;725,38;0,22;13,38;10,91;0,00;0,00;0,00
C;Mining and Quarrying;Imports;c2;5,87;29,27;16,91;0,95;0,14;1,18;4,01;1608,08;263,49;8,10;242,65;158,81;9,04;11,21;5,16;3,26;697,28;187,64;0,82;12,65;8,86;0,74;15,97;0,08;0,11;3,38;0,57;3,05;3,81;16,66;6,38;0,46;0,58;14,10;0,00;5,97;0,01;0,73;2,52;0,00;0,00;0,00
15t16;Food, Beverages and Tobacco;Imports;c3;162,35;0,78;487,04;4,26;4,51;1,09;2,36;1,45;20,03;5,20;1,34;2,41;1,12;1,99;2,20;6,22;1,42;4,18;2,31;97,75;117,58;76,90;2,03;0,31;0,43;6,54;0,86;5,00;1,86;8,79;6,21;5,61;10,26;21,31;0,00;1523,28;0,54;4,85;3,60;0,00;0,00;0,00
17t18;Textiles and Textile Products;Imports;c4;2,37;3,74;8,01;976,25;19,94;2,06;8,18;0,83;13,87;95,19;8,52;8,77;5,91;5,41;134,45;239,41;2,64;9,75;3,33;76,46;32,59;5,66;4,77;0,33;0,45;1,00;1,66;1,13;2,06;21,59;16,94;0,73;3,62;20,71;0,00;1209,60;2,14;17,78;24,27;0,00;0,00;0,00
19;Leather, Leather and Footwear;Imports;c5;0,66;1,97;2,04;15,04;76,19;0,47;0,65;0,20;0,83;0,83;0,50;1,41;0,63;0,81;43,16;38,12;1,06;2,30;0,78;5,09;4,60;0,09;0,93;0,06;0,08;0,75;0,56;0,25;0,31;0,92;0,29;0,05;0,11;1,42;0,00;571,39;0,82;6,22;0,68;0,00;0,00;0,00
20;Wood and Products of Wood and Cork;Imports;c6;11,15;3,64;4,70;1,54;0,57;129,28;6,04;0,23;3,72;5,13;7,33;9,23;3,56;8,41;7,32;138,59;0,98;114,30;1,98;12,85;14,75;0,81;4,89;0,03;0,04;1,54;0,45;0,94;15,38;4,23;2,09;1,13;0,32;8,44;0,00;21,25;0,03;0,33;5,48;0,00;0,00;0,00
21t22;Pulp, Paper, Paper , Printing and Publishing;Imports;c7;10,67;5,07;239,01;30,47;3,77;56,62;876,44;2,04;47,68;31,17;56,71;25,43;11,31;25,44;15,15;63,32;9,45;21,25;21,80;103,30;92,33;11,13;17,24;0,47;0,64;11,70;21,81;57,57;34,36;119,21;37,63;35,84;7,65;80,30;0,00;246,55;0,11;2,49;9,27;0,00;0,00;0,00
23;Coke, Refined Petroleum and Nuclear Fuel;Imports;c8;114,44;11,30;36,84;6,59;0,98;8,92;7,60;41,79;66,91;26,41;22,99;38,62;8,03;9,97;6,77;10,35;15,01;68,10;29,30;76,74;41,12;5,06;339,76;7,22;9,82;25,69;4,87;52,30;19,44;21,27;22,52;6,77;14,94;24,77;0,00;208,02;0,28;8,29;1,49;0,00;0,00;0,00
24;Chemicals and Chemical Products;Imports;c9;415,94;41,55;153,93;142,11;23,11;116,61;177,89;96,04;1401,19;764,82;145,78;172,45;61,59;162,73;117,08;151,38;29,57;166,53;73,97;156,46;94,01;15,56;48,75;1,84;2,50;10,83;6,91;21,10;88,51;181,95;66,57;16,30;443,68;124,34;0,00;2391,68;2,09;556,49;20,66;0,00;0,00;0,00
25;Rubber and Plastics;Imports;c10;14,27;28,33;138,38;32,82;8,88;18,14;30,58;2,30;109,54;386,50;26,33;54,58;51,66;141,20;139,88;87,25;10,03;816,08;58,04;119,64;113,96;1,68;39,25;0,15;0,20;3,44;4,56;18,24;8,76;51,00;16,19;1,68;4,06;20,83;0,00;420,66;0,08;2,05;35,60;0,00;0,00;0,00
26;Other Non-Metallic Mineral;Imports;c11;17,41;5,42;38,13;6,90;1,05;14,47;4,11;4,19;18,87;39,78;151,75;51,46;14,37;62,50;16,65;21,32;8,59;413,44;10,24;43,54;39,27;5,88;9,71;0,09;0,13;2,17;4,04;6,98;43,39;32,41;2,91;2,46;4,45;44,22;0,00;82,09;0,02;0,94;9,50;0,00;0,00;0,00
27t28;Basic Metals and Fabricated Metal;Imports;c12;69,29;107,57;131,88;16,77;1,98;65,53;15,37;46,04;64,17;118,64;70,75;2075,44;525,29;356,40;708,52;228,74;78,70;620,99;69,15;192,45;68,05;3,25;61,66;0,73;0,99;5,02;11,98;3,52;51,37;139,44;34,76;3,67;5,03;54,18;0,00;157,00;0,22;2,89;428,74;0,00;0,00;0,00
29;Machinery, Nec;Imports;c13;133,02;164,94;67,97;17,60;2,22;20,36;31,96;31,73;62,04;27,26;37,72;185,35;283,34;39,09;166,79;17,76;50,86;195,15;61,94;81,76;107,15;4,36;31,02;1,11;1,51;7,11;11,18;4,02;23,42;48,12;59,62;6,57;9,51;18,84;0,00;429,43;2,41;6,34;4504,37;0,00;0,00;0,00
30t33;Electrical and Optical Equipment;Imports;c14;42,99;47,73;32,59;7,83;0,87;9,05;16,84;4,02;34,41;18,90;15,41;172,31;191,94;1576,06;230,54;13,44;199,65;423,20;91,11;125,35;145,37;12,74;97,29;6,79;9,24;12,31;603,53;69,50;61,53;256,90;105,76;32,27;93,49;161,76;0,00;1328,57;10,42;26,00;2414,05;0,00;0,00;0,00
34t35;Transport Equipment;Imports;c15;39,05;27,83;38,94;5,10;0,55;6,92;4,65;2,01;7,30;10,96;11,35;41,11;64,83;17,26;1847,62;41,17;14,67;57,14;258,41;25,06;19,76;3,74;526,56;29,28;39,81;30,38;10,39;38,62;7,31;36,01;15,38;2,90;2,91;57,65;0,00;1695,36;5,03;12,04;3393,98;0,00;0,00;0,00
36t37;"Manufacturing, Nec; Recycling";Imports;c16;4,44;3,49;11,96;8,19;1,00;7,05;6,64;5,45;9,17;7,45;7,27;25,59;12,11;19,27;13,10;81,48;8,74;19,87;12,60;13,14;12,98;4,42;9,29;0,24;0,32;3,56;6,83;5,99;8,32;14,57;9,84;14,84;7,58;72,88;0,00;640,33;1,67;8,12;132,86;0,00;0,00;0,00
E;Electricity, Gas and Water Supply;Imports;c17;4,35;4,91;5,31;1,29;0,16;1,90;2,25;2,43;5,15;1,90;3,27;7,14;3,42;3,35;3,68;1,09;10,56;8,41;2,12;5,33;6,32;1,01;5,99;0,11;0,16;1,31;1,97;1,28;28,92;5,03;3,22;3,02;2,66;4,93;0,00;33,62;0,04;1,20;17,74;0,00;0,00;0,00
F;Construction;Imports;c18;7,53;7,33;11,00;1,67;0,27;4,35;4,25;4,33;6,85;5,85;8,86;20,06;12,47;16,59;12,68;4,97;91,23;324,42;7,60;29,80;24,18;3,04;11,30;0,36;0,49;3,37;9,60;1,95;145,14;56,15;48,42;4,83;5,73;21,09;0,00;370,56;0,04;47,11;25,14;0,00;0,00;0,00
50;"Sale, Maintenance and Repair of Motor Vehicles and Motorcycles; Retail Sale of Fuel";Imports;c19;2,32;0,61;4,32;0,79;0,14;0,58;0,96;0,68;1,58;1,69;0,75;1,99;1,06;1,43;5,03;1,17;1,22;4,93;7,03;3,60;2,39;0,36;6,92;0,18;0,25;0,65;0,85;1,07;0,75;2,30;1,62;0,30;0,47;1,32;0,00;16,86;0,02;0,37;6,25;0,00;0,00;0,00
51;Wholesale Trade and Commission Trade, Except of Motor Vehicles and Motorcycles;Imports;c20;22,07;11,23;41,94;12,41;2,53;6,00;14,41;368,69;82,27;18,05;62,41;61,42;12,32;21,53;23,55;13,48;151,45;72,16;7,31;22,63;17,77;4,06;16,38;1,28;1,74;4,19;6,87;5,92;6,09;18,52;6,74;2,33;7,44;12,79;0,00;107,51;0,20;5,74;48,45;0,00;0,00;0,00
52;"Retail Trade, Except of Motor Vehicles and Motorcycles; Repair of Household Goods";Imports;c21;5,61;1,62;11,63;7,11;2,11;1,65;5,32;1,91;4,21;3,51;2,98;5,93;3,20;7,15;6,89;5,44;2,79;9,86;2,80;7,21;6,78;1,21;3,50;0,22;0,30;0,95;3,30;1,74;2,02;5,39;2,05;0,86;1,56;3,81;0,00;154,25;0,26;3,33;24,46;0,00;0,00;0,00
H;Hotels and Restaurants;Imports;c22;0,40;0,06;1,23;0,04;0,02;0,03;0,10;0,02;0,13;0,05;0,06;0,10;0,08;0,10;0,12;0,06;0,15;0,39;0,12;0,65;0,57;0,20;0,18;0,04;0,06;0,41;0,14;0,13;0,17;0,60;0,13;0,09;0,07;0,24;0,00;4,92;0,04;0,13;0,14;0,00;0,00;0,00
60;Inland Transport;Imports;c23;30,44;30,18;49,03;8,47;1,84;15,32;22,96;425,47;95,93;18,59;82,76;70,94;14,11;24,42;22,51;18,44;196,97;95,49;28,79;134,39;54,25;4,13;106,13;1,90;2,58;87,58;7,07;6,11;14,73;30,82;17,02;7,72;5,92;20,32;0,00;179,94;0,07;33,32;4,38;0,00;0,00;0,00
61;Water Transport;Imports;c24;7,06;2,63;14,09;3,99;0,59;2,51;6,95;2,91;8,86;4,77;4,06;7,88;6,24;12,37;13,17;6,54;5,69;9,48;8,44;28,89;17,39;1,22;12,96;23,31;31,69;43,12;3,90;5,32;2,68;20,89;2,15;1,01;0,82;4,78;0,00;92,92;0,02;0,56;5,34;0,00;0,00;0,00
62;Air Transport;Imports;c25;11,15;4,28;22,34;6,32;0,94;3,97;11,01;4,56;14,01;7,55;6,42;12,47;9,90;19,67;23,92;10,37;9,00;14,98;13,37;45,95;27,75;1,94;21,50;37,38;50,82;68,64;6,29;8,53;4,22;33,39;3,45;1,61;1,32;7,80;0,00;149,09;0,07;0,95;11,67;0,00;0,00;0,00
63;"Other Supporting and Auxiliary Transport Activities; Activities of Travel Agencies";Imports;c26;2,55;1,52;5,00;0,55;0,10;0,81;1,50;2,95;3,53;1,00;1,40;2,53;1,42;2,08;4,48;1,28;2,11;3,59;2,19;41,69;37,72;0,42;11,12;9,36;12,72;48,33;0,77;0,77;1,04;3,04;0,91;0,38;0,42;1,31;0,00;30,97;0,02;2,37;4,91;0,00;0,00;0,00
64;Post and Telecommunications;Imports;c27;2,51;1,17;9,10;2,23;0,36;2,12;6,12;0,71;9,22;2,34;2,35;8,12;4,65;9,60;6,99;4,74;9,18;11,07;27,07;34,86;22,09;1,55;16,10;1,03;1,40;19,22;44,50;38,89;15,15;30,76;12,32;3,95;9,79;24,88;0,00;82,19;0,09;1,05;3,50;0,00;0,00;0,00
J;Financial Intermediation;Imports;c28;81,97;19,24;67,75;12,03;1,98;9,43;18,80;9,43;23,32;17,28;15,67;31,14;18,37;19,64;21,72;15,21;58,81;71,59;50,87;105,38;70,10;5,89;73,79;3,46;4,71;15,88;23,67;303,71;61,63;79,65;47,51;19,11;20,12;60,68;0,00;311,99;0,02;0,73;0,14;0,00;0,00;0,00
70;Real Estate Activities;Imports;c29;1,25;0,42;3,25;0,93;0,22;0,49;1,42;0,15;1,25;1,25;0,86;1,63;1,23;1,90;1,32;1,46;2,92;7,90;6,31;18,02;21,56;1,28;2,11;0,22;0,30;3,06;3,40;10,06;19,90;14,16;3,06;3,33;3,67;4,43;0,00;56,21;0,25;2,46;0,27;0,00;0,00;0,00
71t74;Renting of M&Eq and Other Business Activities;Imports;c30;18,23;35,46;125,72;30,19;2,74;14,15;121,89;16,48;81,06;30,20;30,09;77,09;59,80;80,44;105,51;30,76;151,07;112,89;102,50;285,83;218,58;10,90;59,38;6,52;8,86;27,23;200,50;141,66;117,65;510,73;79,77;42,86;33,05;96,30;0,00;668,71;1,68;58,16;21,04;0,00;0,00;0,00
L;"Public Admin and Defence; Compulsory Social Security";Imports;c31;0,67;0,50;1,69;0,45;0,04;0,47;1,44;0,39;1,06;0,48;0,44;0,85;0,67;1,07;1,17;0,46;1,81;2,23;1,00;3,65;2,49;0,14;1,23;0,17;0,23;1,28;1,58;0,96;1,64;4,80;0,84;0,45;0,34;1,14;0,00;7,97;0,11;1,01;2,43;0,00;0,00;0,00
M;Education;Imports;c32;0,24;0,32;1,08;0,13;0,02;0,12;1,08;0,31;1,31;0,27;0,32;0,62;0,87;2,36;0,87;0,30;1,02;0,91;0,61;3,25;1,46;0,09;0,48;0,03;0,04;0,51;0,73;1,84;0,92;5,52;0,65;9,19;0,41;1,14;0,00;5,16;0,52;11,39;1,41;0,00;0,00;0,00
N;Health and Social Work;Imports;c33;1,09;0,10;0,61;0,36;0,02;0,07;0,24;0,05;0,37;0,20;0,10;0,24;0,19;0,42;0,31;0,18;0,38;0,40;0,25;0,64;0,54;0,04;0,20;0,03;0,04;0,10;0,37;0,25;0,25;1,09;0,68;0,11;5,86;0,43;0,00;4,26;0,36;8,54;2,36;0,00;0,00;0,00
O;Other Community, Social and Personal Services;Imports;c34;0,65;0,73;9,56;0,83;0,08;0,46;5,21;0,37;7,23;1,22;0,94;2,02;1,72;1,46;2,37;0,79;3,30;2,78;2,97;12,79;5,72;0,46;1,46;0,19;0,26;3,21;7,67;2,49;4,08;95,45;7,05;1,26;0,99;34,30;0,00;44,54;17,85;28,79;0,67;0,00;0,00;0,00
P;Private Households with Employed Persons;Imports;c35;0,01;0,00;0,01;0,00;0,00;0,00;0,00;0,00;0,00;0,00;0,00;0,00;0,00;0,00;0,00;0,00;0,00;0,00;0,00;0,00;0,00;0,00;0,00;0,00;0,00;0,00;0,00;0,00;0,00;0,00;0,00;0,00;0,00;0,00;0,00;0,01;0,00;0,00;0,00;0,00;0,00;0,00
;Total intermediate consumption;TOT;r60;10950,90;2666,43;21144,89;3076,98;527,89;2870,22;5528,13;5036,04;7006,44;4939,12;3729,50;9963,52;4340,99;6330,57;9039,77;4462,50;9570,83;17516,10;5300,19;12793,00;10780,80;1842,07;7372,80;480,71;653,59;3446,91;4018,21;5829,35;10665,65;10617,90;3899,90;2055,60;3470,27;6139,41;0,00;129380,07;2202,61;39043,42;37185,34;1048,26;0,00;0,00
;taxes less subsidies on products;;r99;797,54;175,93;1182,60;170,51;47,44;121,61;180,88;209,50;461,39;211,92;207,89;372,09;139,00;264,91;355,90;208,30;457,49;746,25;330,06;757,74;635,71;203,84;1496,47;41,93;57,00;219,44;212,72;327,61;863,24;429,20;264,75;138,66;185,88;407,51;0,00;10519,39;46,12;245,20;1671,29;50,15;0,00;0,00
;Cif/ fob adjustments on exports;;r61;0,00;0,00;0,00;0,00;0,00;0,00;0,00;0,00;0,00;0,00;0,00;0,00;0,00;0,00;0,00;0,00;0,00;0,00;0,00;0,00;0,00;0,00;0,00;0,00;0,00;0,00;0,00;0,00;0,00;0,00;0,00;0,00;0,00;0,00;0,00;0,00;0,00;0,00;0,00;0,00;0,00;0,00
;Direct purchases abroad by residents;;r62;0,00;0,00;0,00;0,00;0,00;0,00;0,00;0,00;0,00;0,00;0,00;0,00;0,00;0,00;0,00;0,00;0,00;0,00;0,00;0,00;0,00;0,00;0,00;0,00;0,00;0,00;0,00;0,00;0,00;0,00;0,00;0,00;0,00;0,00;0,00;0,00;0,00;0,00;0,00;0,00;0,00;0,00
;Purchases on the domestic territory by non-residents ;;r63;0,00;0,00;0,00;0,00;0,00;0,00;0,00;0,00;0,00;0,00;0,00;0,00;0,00;0,00;0,00;0,00;0,00;0,00;0,00;0,00;0,00;0,00;0,00;0,00;0,00;0,00;0,00;0,00;0,00;0,00;0,00;0,00;0,00;0,00;0,00;0,00;0,00;0,00;0,00;0,00;0,00;0,00
;Value added at basic prices;;r64;8411,49;4035,07;5687,06;1744,09;293,25;1452,38;2616,90;1000,41;2431,95;2059,21;2437,09;3749,27;2587,06;2898,32;2783,59;2058,18;7576,75;11191,23;6696,48;16082,82;13554,05;2257,54;6674,35;90,81;241,55;1875,79;5463,26;7988,59;13728,30;13187,24;12108,03;9373,31;8387,57;7624,08;1131,34;0,00;0,00;0,00;0,00;0,00;0,00;0,00
;International Transport Margins;;;58,88;25,61;83,00;33,36;6,80;22,25;37,99;142,09;89,37;61,16;44,68;111,17;56,18;142,15;141,76;46,20;79,93;158,09;33,05;50,71;46,33;7,13;60,30;2,39;3,25;6,26;44,92;15,77;16,15;42,92;20,64;6,69;24,69;35,08;0,00;615,58;1,61;24,34;696,08;0,00;0,00;0,00
;Output at basic prices;;r69;20218,81;6903,04;28097,55;5024,93;875,39;4466,46;8363,90;6388,04;9989,14;7271,40;6419,17;14196,05;7123,23;9635,95;12321,02;6775,19;17684,99;29611,67;12359,77;29684,27;25016,88;4310,57;15603,92;615,83;955,39;5548,41;9739,11;14161,32;25273,34;24277,26;16293,32;11574,26;12068,41;14206,08;1131,34;0,00;0,00;0,00;0,00;0,00;0,00;0,00
