Products of agriculture, hunting and related services;Sector1
Products of forestry, logging and related services;Sector1
"Fish and other fishing products; services incidental of fishing";Sector1
"Coal and lignite; peat";Sector1
"Crude petroleum and natural gas; services incidental to oil and gas extraction excluding surveying";Sector1
Uranium and thorium ores;Sector1
Metal ores;Sector1
Other mining and quarrying products;Sector1
Food products and beverages;Sector1
Tobacco products;Sector1
Textiles;Sector1
"Wearing apparel; furs";Sector1
Leather and leather products;Sector1
"Wood and products of wood and cork (except furniture); articles of straw and plaiting materials";Sector1
Pulp, paper and paper products;Sector1
Printed matter and recorded media;Sector1
Coke, refined petroleum products and nuclear fuels;Sector1
Chemicals, chemical products and man-made fibres;Sector1
Rubber and plastic products;Sector1
Other non-metallic mineral products;Sector1
Basic metals;Sector2
Fabricated metal products, except machinery and equipment;Sector2
Machinery and equipment n.e.c.;Sector2
Office machinery and computers;Sector2
Electrical machinery and apparatus n.e.c.;Sector2
Radio, television and communication equipment and apparatus;Sector2
Medical, precision and optical instruments, watches and clocks;Sector2
Motor vehicles, trailers and semi-trailers;Sector2
Other transport equipment;Sector2
"Furniture; other manufactured goods n.e.c.";Sector2
Secondary raw materials;Sector2
Electrical energy, gas, steam and hot water;Sector2
Collected and purified water, distribution services of water;Sector2
Construction work;Sector2
"Trade, maintenance and repair services of motor vehicles and motorcycles; retail sale of automotive fuel";Sector2
Wholesale trade and commission trade services, except of motor vehicles and motorcycles;Sector2
"Retail  trade services, except of motor vehicles and motorcycles; repair services of personal and household goods";Sector2
Hotel and restaurant services;Sector2
"Land transport; transport via pipeline services";Sector3
Water transport services;Sector3
Air transport services;Sector3
"Supporting and auxiliary transport services; travel agency services";Sector3
Post and telecommunication services;Sector3
Financial intermediation services, except insurance and pension funding services;Sector3
Insurance and pension funding services, except compulsory social security services;Sector3
Services auxiliary to financial intermediation;Sector3
Real estate services;Sector3
Renting services of machinery and equipment without operator and of personal and household goods;Sector3
Computer and related services;Sector3
Research and development services;Sector3
Other business services;Sector3
"Public administration and defence services; compulsory social security services";Sector3
Education services;Sector3
Health and social work services;Sector3
Sewage and refuse disposal services, sanitation and similar services;Sector3
Membership organisation services n.e.c.;Sector3
Recreational, cultural and sporting services;Sector3
Other services;Sector3
Private households with employed persons;Sector3
Total;TotalSec
Taxes less subsidies on products;AddData
Total intermediate consumption/Final use at purchasers' prices;AddData
Compensation of employees 5);AddData
  Wages and salaries 4) 5);AddData
Other net taxes on production 5);AddData
Consumption of fixed capital 5);AddData
Operating surplus, net 5);AddData
Operating surplus, gross 5);AddData
  Mixed income, gross 4) 5);AddData
Value added at basic prices;AddData
Output at basic prices;AddData
Imports CIF intra EU 2) 3);AddData
 Imports CIF from members of the euro area 2) 3);AddData
 Imports CIF from non-members of the euro area 2) 3);AddData
Imports CIF extra EU 2) 3);AddData
Imports CIF;AddData
Supply at basic prices;TotalSupply
