Agriculture, Hunting, Forestry and Fishing;Dom1
Mining and Quarrying;Dom1
Food, Beverages and Tobacco;Dom1
Textiles and Textile Products;Dom1
Leather, Leather and Footwear;Dom1
Wood and Products of Wood and Cork;Dom1
Pulp, Paper, Paper , Printing and Publishing;Dom1
Coke, Refined Petroleum and Nuclear Fuel;Dom1
Chemicals and Chemical Products;Dom1
Rubber and Plastics;Dom1
Other Non-Metallic Mineral;Dom1
Basic Metals and Fabricated Metal;Dom1
Machinery, Nec;Dom1
Electrical and Optical Equipment;Dom1
Transport Equipment;Dom1
"Manufacturing, Nec; Recycling";Dom1
Electricity, Gas and Water Supply;Dom1
Construction;Dom1
"Sale, Maintenance and Repair of Motor Vehicles and Motorcycles; Retail Sale of Fuel";Dom2
Wholesale Trade and Commission Trade, Except of Motor Vehicles and Motorcycles;Dom2
"Retail Trade, Except of Motor Vehicles and Motorcycles; Repair of Household Goods";Dom2
Hotels and Restaurants;Dom2
Inland Transport;Dom2
Water Transport;Dom2
Air Transport;Dom2
"Other Supporting and Auxiliary Transport Activities; Activities of Travel Agencies";Dom2
Post and Telecommunications;Dom2
Financial Intermediation;Dom2
Real Estate Activities;Dom2
Renting of M&Eq and Other Business Activities;Dom2
"Public Admin and Defence; Compulsory Social Security";Dom2
Education;Dom2
Health and Social Work;Dom2
Other Community, Social and Personal Services;Dom2
Private Households with Employed Persons;Dom2
Final consumption expenditure by households;AddData
Final consumption expenditure by non-profit organisations serving households (NPISH);AddData
Final consumption expenditure by government;AddData
Gross fixed capital formation;AddData
Changes in inventories and valuables;AddData
Exports;Exports
Total output;TotalOutput
