Agriculture, Hunting, Forestry and Fishing;Dom1
Mining and Quarrying;Dom1
Food, Beverages and Tobacco;Dom1
Textiles and Textile Products;Dom1
Leather, Leather and Footwear;Dom1
Wood and Products of Wood and Cork;Dom1
Pulp, Paper, Paper , Printing and Publishing;Dom1
Coke, Refined Petroleum and Nuclear Fuel;Dom1
Chemicals and Chemical Products;Dom1
Rubber and Plastics;Dom1
Other Non-Metallic Mineral;Dom1
Basic Metals and Fabricated Metal;Dom1
Machinery, Nec;Dom1
Electrical and Optical Equipment;Dom1
Transport Equipment;Dom1
"Manufacturing, Nec; Recycling";Dom1
Electricity, Gas and Water Supply;Dom1
Construction;Dom1
"Sale, Maintenance and Repair of Motor Vehicles and Motorcycles; Retail Sale of Fuel";Dom2
Wholesale Trade and Commission Trade, Except of Motor Vehicles and Motorcycles;Dom2
"Retail Trade, Except of Motor Vehicles and Motorcycles; Repair of Household Goods";Dom2
Hotels and Restaurants;Dom2
Inland Transport;Dom2
Water Transport;Dom2
Air Transport;Dom2
"Other Supporting and Auxiliary Transport Activities; Activities of Travel Agencies";Dom2
Post and Telecommunications;Dom2
Financial Intermediation;Dom2
Real Estate Activities;Dom2
Renting of M&Eq and Other Business Activities;Dom2
"Public Admin and Defence; Compulsory Social Security";Dom2
Education;Dom2
Health and Social Work;Dom2
Other Community, Social and Personal Services;Dom2
Private Households with Employed Persons;Dom2
Agriculture, Hunting, Forestry and Fishing;Imp1
Mining and Quarrying;Imp1
Food, Beverages and Tobacco;Imp1
Textiles and Textile Products;Imp1
Leather, Leather and Footwear;Imp1
Wood and Products of Wood and Cork;Imp1
Pulp, Paper, Paper , Printing and Publishing;Imp1
Coke, Refined Petroleum and Nuclear Fuel;Imp1
Chemicals and Chemical Products;Imp1
Rubber and Plastics;Imp1
Other Non-Metallic Mineral;Imp1
Basic Metals and Fabricated Metal;Imp1
Machinery, Nec;Imp1
Electrical and Optical Equipment;Imp1
Transport Equipment;Imp1
"Manufacturing, Nec; Recycling";Imp1
Electricity, Gas and Water Supply;Imp1
Construction;Imp1
"Sale, Maintenance and Repair of Motor Vehicles and Motorcycles; Retail Sale of Fuel";Imp2
Wholesale Trade and Commission Trade, Except of Motor Vehicles and Motorcycles;Imp2
"Retail Trade, Except of Motor Vehicles and Motorcycles; Repair of Household Goods";Imp2
Hotels and Restaurants;Imp2
Inland Transport;Imp2
Water Transport;Imp2
Air Transport;Imp2
"Other Supporting and Auxiliary Transport Activities; Activities of Travel Agencies";Imp2
Post and Telecommunications;Imp2
Financial Intermediation;Imp2
Real Estate Activities;Imp2
Renting of M&Eq and Other Business Activities;Imp2
"Public Admin and Defence; Compulsory Social Security";Imp2
Education;Imp2
Health and Social Work;Imp2
Other Community, Social and Personal Services;Imp2
Private Households with Employed Persons;Imp2
Total intermediate consumption;TotalCons
taxes less subsidies on products;AddData
Cif/ fob adjustments on exports;AddData
Direct purchases abroad by residents;AddData
Purchases on the domestic territory by non-residents ;AddData
Value added at basic prices;AddData
International Transport Margins;AddData
Output at basic prices;OutputBP
